faceRectangle_top,faceRectangle_left,faceRectangle_width,faceRectangle_height,eyeLeftBottom_x,eyeLeftBottom_y,eyeLeftInner_x,eyeLeftInner_y,eyeLeftOuter_x,eyeLeftOuter_y,eyeLeftTop_x,eyeLeftTop_y,eyeRightBottom_x,eyeRightBottom_y,eyeRightInner_x,eyeRightInner_y,eyeRightOuter_x,eyeRightOuter_y,eyeRightTop_x,eyeRightTop_y,eyebrowLeftInner_x,eyebrowLeftInner_y,eyebrowLeftOuter_x,eyebrowLeftOuter_y,eyebrowRightInner_x,eyebrowRightInner_y,eyebrowRightOuter_x,eyebrowRightOuter_y,mouthLeft_x,mouthLeft_y,mouthRight_x,mouthRight_y,noseLeftAlarOutTip_x,noseLeftAlarOutTip_y,noseLeftAlarTop_x,noseLeftAlarTop_y,noseRightAlarOutTip_x,noseRightAlarOutTip_y,noseRightAlarTop_x,noseRightAlarTop_y,noseRootLeft_x,noseRootLeft_y,noseRootRight_x,noseRootRight_y,noseTip_x,noseTip_y,pupilLeft_x,pupilLeft_y,pupilRight_x,pupilRight_y,underLipBottom_x,underLipBottom_y,underLipTop_x,underLipTop_y,upperLipBottom_x,upperLipBottom_y,upperLipTop_x,upperLipTop_y,time
70.0,57.0,36.0,36.0,67.1,79.9,69.5,79.6,64.9,79.5,67.3,78.5,83.3,80.6,81.3,80.1,85.4,80.3,83.3,79.6,72.2,75.3,61.9,75.5,79.0,75.9,89.0,77.2,68.1,97.1,82.5,96.8,70.5,88.6,72.7,86.0,81.8,88.7,79.0,85.7,73.2,80.1,77.3,80.4,76.8,88.4,67.5,79.4,83.2,80.1,76.0,101.6,76.0,99.2,76.1,96.4,76.3,95.0,C_2017-01-10-13-19-10-336.jpg
67.0,57.0,39.0,39.0,68.5,78.6,70.8,78.2,65.9,78.5,68.4,78.0,84.8,78.8,82.9,78.3,87.1,78.8,85.1,78.1,73.3,73.8,61.5,75.5,80.7,74.2,90.6,75.7,66.0,95.4,84.9,95.3,69.5,87.7,72.2,83.5,82.8,87.5,80.7,83.4,74.1,78.5,78.7,78.3,76.8,87.9,68.3,78.2,84.8,78.4,74.7,101.7,74.9,98.5,75.1,95.0,75.3,93.2,C_2017-01-10-13-18-45-136.jpg
55.0,67.0,46.0,46.0,78.8,68.4,81.9,67.3,75.2,67.3,78.8,66.4,99.9,67.5,97.0,66.9,102.9,66.4,100.0,65.9,85.4,62.3,73.7,62.2,92.8,62.7,105.6,61.1,80.9,89.2,98.8,88.2,83.9,80.1,86.0,74.3,97.3,79.5,95.0,74.4,86.4,67.7,93.3,67.5,90.7,78.5,79.8,67.5,99.8,66.6,91.2,92.0,90.9,89.2,91.1,87.8,91.2,86.1,C_2017-01-22-20-32-52-99.jpg
40.0,67.0,38.0,38.0,78.0,50.9,80.7,50.2,75.1,50.3,78.1,49.4,96.3,51.0,94.0,50.1,99.0,50.7,96.6,49.6,83.1,43.1,73.3,44.6,90.8,43.3,101.2,45.0,78.9,68.3,92.7,69.1,79.8,59.0,81.5,55.4,92.0,60.1,90.5,55.8,83.8,50.4,89.0,50.6,85.4,58.4,78.4,50.4,95.9,50.5,84.5,71.9,84.6,69.8,85.0,67.0,85.2,65.3,C_2017-01-21-15-15-04-335.jpg
84.0,77.0,41.0,41.0,87.4,96.7,90.1,96.2,84.8,96.7,87.4,96.0,107.2,96.3,104.6,95.9,109.8,96.3,107.4,95.7,93.6,91.5,79.1,92.0,101.9,91.9,113.4,91.4,90.5,114.8,108.0,114.3,91.5,105.9,93.7,102.1,104.8,105.0,102.0,101.4,94.3,96.5,100.2,96.4,98.2,103.9,87.1,96.6,106.5,96.1,99.6,117.7,99.5,115.5,99.5,113.8,99.6,112.3,C_2017-01-24-14-55-30-953.jpg
70.0,94.0,45.0,45.0,106.2,83.7,109.5,82.8,103.5,83.0,106.2,81.5,127.1,83.5,124.4,82.5,130.3,82.7,127.2,81.3,112.9,77.6,99.0,78.5,121.1,77.8,134.9,79.6,109.6,104.2,125.6,103.8,110.4,94.5,112.8,90.2,123.8,94.7,121.2,90.4,114.4,83.6,119.6,83.8,116.9,93.7,106.3,82.8,126.7,82.1,116.6,107.0,116.6,104.3,116.4,102.8,116.5,101.1,C_2017-01-24-14-34-19-681.jpg
56.0,68.0,42.0,42.0,78.2,69.0,81.4,67.9,75.1,68.0,78.3,68.0,98.9,68.1,94.9,67.4,102.5,66.1,98.6,66.7,80.4,59.6,69.2,60.8,91.5,58.8,106.5,57.9,81.7,87.9,96.9,86.7,82.6,79.3,84.5,74.7,95.0,78.3,91.7,74.1,85.0,67.9,90.5,67.5,87.7,77.9,78.1,68.6,97.8,67.2,89.1,89.1,88.6,86.4,89.4,87.1,89.3,85.4,C_2017-01-18-13-47-41-113.jpg
53.0,79.0,41.0,41.0,89.8,65.5,92.9,64.7,86.4,65.1,89.5,63.6,107.9,63.9,105.4,63.7,110.2,63.1,107.8,62.3,97.2,60.5,82.3,61.7,103.6,59.7,114.2,58.0,91.3,84.4,105.8,83.4,93.9,74.5,96.4,69.9,105.7,74.5,103.6,69.6,97.8,64.6,101.7,64.2,102.0,72.0,90.5,64.7,107.5,63.0,99.7,85.9,99.7,83.5,99.5,82.6,99.5,80.4,C_2017-01-24-18-13-19-85.jpg
55.0,68.0,46.0,46.0,79.7,69.3,82.8,67.8,76.1,68.2,79.4,67.0,100.6,67.7,97.8,66.7,104.0,66.7,101.2,65.9,85.8,62.8,73.3,63.0,94.0,62.1,106.8,62.7,83.0,89.8,98.3,89.2,84.0,79.9,85.8,74.9,97.8,79.1,95.9,74.9,87.0,68.0,93.7,68.0,92.0,78.6,80.1,68.0,101.2,66.8,91.3,91.8,91.3,88.5,91.6,88.5,91.6,86.5,C_2017-01-22-20-32-27-58.jpg
39.0,69.0,39.0,39.0,80.5,49.9,82.9,49.1,77.7,49.0,80.5,48.6,98.3,51.1,95.8,49.8,101.2,50.8,98.4,49.6,85.5,42.9,75.9,44.1,94.6,43.2,105.1,45.4,81.0,68.1,95.5,68.7,82.2,59.0,84.6,54.7,93.8,60.2,92.3,55.3,86.6,49.7,92.3,50.0,87.7,58.3,80.8,49.3,98.1,50.6,87.2,72.2,87.4,69.4,87.5,67.0,87.5,64.9,C_2017-01-21-15-14-44-126.jpg
56.0,76.0,47.0,47.0,89.8,69.6,92.4,68.3,86.3,68.2,89.7,66.8,109.3,69.0,105.9,68.4,112.0,67.3,108.8,66.0,93.4,61.3,83.0,61.2,103.4,61.2,114.7,61.5,92.1,91.7,107.1,91.5,92.7,80.6,95.4,76.3,105.9,81.1,104.3,76.0,96.4,68.9,102.3,68.6,100.1,79.6,90.4,67.9,109.0,67.2,100.2,93.6,100.0,90.6,99.8,91.1,100.0,88.5,C_2017-01-24-18-32-27-389.jpg
54.0,42.0,66.0,66.0,61.2,73.9,64.3,72.1,56.9,72.8,60.8,70.8,87.9,71.6,83.5,70.6,91.6,69.9,87.4,68.2,65.1,62.7,51.9,66.3,81.1,59.5,96.3,61.1,65.4,106.1,87.8,104.2,66.0,88.0,68.4,81.7,82.6,88.2,80.0,81.3,70.3,71.9,77.9,71.3,73.0,85.3,61.4,72.2,86.8,69.9,76.7,112.8,76.4,108.5,75.7,101.3,75.6,98.5,C_2017-01-24-20-34-38-229.jpg
84.0,76.0,41.0,41.0,86.4,96.4,89.0,95.5,83.2,96.0,86.1,95.8,105.6,96.2,102.8,95.9,108.4,96.1,105.5,95.6,91.7,91.4,78.6,91.7,100.0,91.3,113.8,91.5,89.3,115.0,105.9,114.5,89.5,105.8,91.4,102.1,103.4,105.1,100.0,101.5,93.0,96.2,98.9,96.1,96.3,105.1,86.5,95.9,105.7,95.9,97.4,118.5,97.1,115.4,97.1,114.7,97.0,112.4,C_2017-01-24-14-54-15-706.jpg
57.0,77.0,45.0,45.0,89.2,69.4,91.8,68.4,85.9,68.3,89.3,67.2,109.1,69.0,106.3,67.9,111.6,67.4,109.1,66.7,93.5,61.1,80.9,61.1,104.7,60.9,115.3,60.9,93.0,91.6,106.2,91.7,93.1,81.2,95.8,76.3,105.9,81.2,104.2,75.9,96.8,68.8,102.3,68.4,101.0,79.6,90.0,68.4,108.9,67.6,100.6,91.8,100.3,89.0,100.0,91.5,100.3,89.4,C_2017-01-24-18-32-22-316.jpg
52.0,79.0,37.0,37.0,89.1,63.3,91.4,62.9,86.4,63.4,88.9,62.5,104.0,62.2,101.8,62.1,105.6,61.8,103.6,61.4,95.3,58.4,82.8,60.1,102.6,57.0,107.8,57.2,90.1,81.7,103.5,80.2,93.6,73.1,95.7,67.9,104.6,71.1,101.6,66.7,96.4,62.6,99.6,62.2,101.3,70.0,89.7,63.0,104.7,61.8,98.8,83.6,98.9,81.1,99.2,80.7,99.3,79.1,C_2017-01-24-18-12-43-614.jpg
53.0,79.0,40.0,40.0,89.6,65.0,92.2,64.3,86.8,64.6,89.5,63.7,107.5,64.0,105.3,63.6,109.8,63.5,107.8,62.6,95.1,59.8,81.5,61.3,103.7,58.4,113.0,58.0,90.6,83.0,105.6,82.5,92.6,73.9,95.2,68.8,104.6,73.0,102.6,68.1,96.4,64.3,101.2,64.2,100.2,71.2,89.9,64.6,107.7,63.6,99.5,84.8,99.4,82.3,99.2,81.7,99.4,80.3,C_2017-01-24-18-12-53-741.jpg
70.0,99.0,43.0,43.0,110.9,81.8,114.3,81.0,108.4,80.4,111.2,79.5,131.3,82.6,127.9,81.7,134.4,81.4,131.0,79.9,116.3,74.0,103.6,74.1,126.2,74.4,139.1,76.9,112.8,102.0,127.4,102.2,113.9,92.7,116.9,88.1,127.0,93.6,125.1,89.0,118.7,82.1,124.0,82.3,120.6,91.4,111.0,80.8,130.4,81.4,120.1,105.5,120.0,102.1,120.9,101.8,120.8,98.9,C_2017-01-24-14-35-30-2.jpg
62.0,48.0,55.0,55.0,60.9,78.9,64.1,77.4,57.1,78.3,60.3,77.1,85.6,78.0,81.8,76.3,88.8,76.1,85.3,75.8,68.3,72.4,51.6,72.3,78.8,71.6,94.4,70.9,64.8,103.1,87.0,101.0,66.1,92.5,70.2,86.5,83.8,90.1,79.4,86.0,70.1,77.4,76.8,76.9,77.5,91.2,60.2,78.1,85.5,76.7,76.9,106.4,76.7,103.1,76.5,101.1,76.7,99.5,C_2017-01-23-16-14-37-778.jpg
83.0,78.0,43.0,43.0,89.2,96.1,92.6,95.6,85.9,95.1,89.2,95.0,109.8,97.2,106.8,96.1,112.9,96.8,110.1,96.2,96.3,91.4,81.9,91.8,103.7,92.6,118.1,94.6,89.8,114.0,109.7,114.9,92.7,105.3,94.3,101.3,106.5,105.2,103.7,101.7,96.7,95.9,102.3,96.1,99.2,104.6,88.8,95.6,109.6,96.9,99.7,119.4,99.6,116.8,99.3,114.0,99.2,112.4,C_2017-01-24-14-54-50-806.jpg
86.0,75.0,37.0,37.0,83.9,98.1,86.4,97.1,81.1,98.1,83.9,96.9,101.1,95.6,98.4,95.5,103.6,95.1,101.0,94.6,89.0,91.9,76.9,95.0,95.3,91.5,106.7,90.6,87.9,114.5,99.8,113.3,88.0,105.5,89.7,101.4,99.9,104.5,96.7,100.7,90.3,96.9,95.1,96.0,93.8,103.6,83.8,97.7,101.2,95.2,94.0,114.7,94.0,112.5,94.2,112.4,94.3,110.9,C_2017-01-18-13-19-58-98.jpg
61.0,45.0,58.0,58.0,60.2,78.6,63.8,77.5,56.2,78.2,59.6,76.0,85.8,76.2,81.7,75.6,89.3,74.8,85.5,73.5,66.0,71.4,49.6,75.0,78.9,70.7,94.1,68.8,63.0,103.8,87.5,101.6,64.5,91.2,68.2,85.2,83.8,90.2,80.4,85.3,70.5,77.8,76.1,77.2,74.1,91.6,59.5,77.7,84.6,75.3,76.5,106.9,75.7,104.1,75.1,101.4,74.8,99.7,C_2017-01-23-16-14-57-824.jpg
83.0,78.0,41.0,41.0,89.3,95.4,91.8,94.9,86.5,95.2,89.1,94.6,108.0,95.6,105.4,95.0,110.8,95.9,107.9,94.8,95.3,90.5,82.0,92.2,103.0,90.7,117.0,92.7,91.3,114.3,107.2,114.5,92.7,105.2,95.1,100.4,105.4,105.0,103.1,100.4,96.3,95.3,101.6,95.4,99.5,102.5,88.7,95.0,107.0,95.2,99.7,116.9,99.4,114.3,99.5,113.2,99.5,111.4,C_2017-01-24-14-54-40-790.jpg
36.0,83.0,38.0,38.0,92.7,46.8,95.4,46.1,89.8,46.4,93.0,45.7,109.4,47.0,107.2,46.4,112.4,46.4,109.8,45.8,96.5,41.0,86.3,43.9,105.4,41.0,114.4,43.2,93.5,63.7,108.7,64.0,95.8,55.9,98.5,51.6,107.3,56.1,104.6,51.6,99.7,46.2,103.3,46.1,102.3,54.1,92.6,46.5,110.0,46.6,101.9,65.4,102.0,63.3,101.6,62.1,101.8,61.0,C_2017-01-24-17-40-40-524.jpg
55.0,46.0,61.0,61.0,63.9,73.5,67.5,72.1,59.9,72.2,63.5,70.8,89.9,71.9,85.8,70.7,94.1,70.7,89.7,69.5,71.3,65.0,52.1,65.0,83.0,63.8,100.4,62.5,64.7,100.4,88.8,99.8,68.3,87.9,71.1,81.0,85.1,87.4,83.5,81.1,72.5,71.9,81.2,71.3,77.1,85.5,63.4,72.2,90.0,70.8,76.9,106.5,76.5,102.3,76.8,98.7,76.8,95.4,C_2017-01-24-20-35-08-453.jpg
58.0,52.0,60.0,60.0,68.7,74.7,72.6,74.2,64.7,73.2,69.0,72.5,96.6,75.6,92.5,74.8,100.3,74.4,96.8,73.2,76.5,65.9,60.2,64.3,89.3,65.9,105.4,65.2,71.1,102.5,91.3,104.0,74.5,90.7,77.3,85.0,90.1,91.2,88.8,85.5,78.8,74.8,86.6,74.9,82.9,89.2,69.5,73.4,96.8,74.4,80.9,107.5,80.7,103.5,80.8,103.2,80.9,99.8,C_2017-01-24-20-34-23-141.jpg
65.0,46.0,55.0,55.0,58.4,82.2,62.1,81.1,54.1,81.5,57.8,80.5,85.5,80.0,81.2,79.2,89.4,78.8,85.2,78.6,64.3,74.6,47.4,75.3,77.3,74.0,94.8,71.6,63.5,106.2,85.8,103.7,63.5,94.9,67.1,87.7,81.3,93.3,77.1,87.2,68.0,80.9,75.3,80.4,73.5,93.0,59.0,81.6,85.7,79.2,74.5,107.7,74.1,104.8,73.5,103.9,73.5,102.2,C_2017-01-23-16-14-07-730.jpg
57.0,77.0,46.0,46.0,89.2,69.8,92.2,69.2,86.3,69.0,89.3,67.8,109.6,69.5,106.7,68.6,112.3,68.0,109.3,66.9,93.7,62.4,81.8,61.2,103.8,61.7,115.1,60.7,93.2,92.6,106.4,92.4,92.5,82.6,94.5,77.6,105.7,82.9,103.6,77.3,96.0,69.8,102.0,69.5,99.4,80.8,90.5,68.6,109.2,68.3,99.8,93.6,99.6,90.8,99.5,92.8,99.4,90.0,C_2017-01-24-18-32-37-531.jpg
79.0,73.0,40.0,40.0,83.0,91.3,85.9,91.1,79.7,91.0,82.9,90.6,102.1,91.9,98.8,91.4,105.3,91.8,102.0,91.2,88.8,86.3,74.5,88.4,96.7,87.6,110.0,89.0,82.7,107.9,103.2,107.9,86.4,100.0,88.5,96.5,99.0,99.9,96.5,96.4,89.7,91.2,94.3,91.2,92.9,98.7,82.6,91.1,102.3,91.8,93.3,111.5,93.0,108.8,93.1,108.1,93.1,106.5,C_2017-01-24-14-54-00-681.jpg
37.0,82.0,37.0,37.0,92.7,47.8,95.0,46.8,89.7,47.2,92.6,46.0,108.5,47.9,106.3,47.2,110.8,47.3,108.3,46.2,98.4,42.0,88.3,43.7,105.6,42.5,112.6,43.7,92.5,64.3,106.9,64.7,95.2,56.3,97.6,51.9,107.3,56.2,104.9,51.8,98.8,46.7,103.1,46.7,101.6,54.4,92.8,46.8,108.2,47.2,100.6,68.5,100.8,66.2,100.9,63.0,101.3,61.6,C_2017-01-24-17-39-25-70.jpg
69.0,56.0,39.0,39.0,65.7,80.0,68.3,79.1,62.8,79.0,65.8,78.7,83.9,80.6,81.6,79.9,86.3,80.0,83.8,79.6,72.2,73.5,59.9,73.3,79.4,74.9,90.0,75.6,67.2,97.1,83.4,97.0,68.9,88.1,71.4,84.6,81.3,88.7,79.3,84.7,73.3,79.4,77.6,79.7,75.1,87.3,65.7,79.3,83.8,80.3,75.4,101.3,75.2,98.6,75.1,96.1,75.2,94.1,C_2017-01-10-13-19-55-490.jpg
71.0,95.0,45.0,45.0,106.3,84.3,109.4,83.7,103.7,83.1,106.7,81.2,127.5,84.2,124.3,83.2,131.1,82.8,127.5,81.0,112.8,77.3,99.7,77.3,121.9,77.6,135.3,77.7,109.4,104.6,125.9,105.1,110.5,95.5,112.6,91.1,124.2,95.5,121.2,90.7,113.9,84.2,119.8,84.6,118.0,93.4,106.4,83.2,126.6,83.1,117.4,107.4,117.5,105.0,117.8,104.0,118.0,101.4,C_2017-01-24-14-34-34-772.jpg
86.0,74.0,37.0,37.0,83.0,97.7,85.2,96.9,80.8,97.7,83.1,96.7,99.7,95.8,97.4,95.7,102.3,95.2,99.6,94.8,87.4,92.4,76.6,94.3,93.0,91.8,104.4,91.8,87.2,114.9,99.4,114.1,85.9,105.5,88.3,101.2,97.6,104.4,95.2,100.7,88.8,96.9,93.5,96.1,91.9,103.7,83.3,97.4,99.4,95.5,92.3,115.9,92.6,113.8,92.7,112.7,92.8,110.9,C_2017-01-18-13-20-03-136.jpg
86.0,75.0,37.0,37.0,85.3,96.3,87.9,95.8,82.5,96.4,85.2,95.6,101.5,95.7,99.4,95.6,104.0,95.3,101.6,94.8,90.5,90.9,79.7,92.2,96.7,90.7,107.5,91.3,88.3,114.1,100.7,114.0,88.5,106.0,91.0,101.0,100.3,105.0,98.2,100.5,91.5,96.0,96.4,95.9,94.5,103.4,85.4,95.9,101.3,95.3,94.8,116.1,94.7,114.0,95.0,112.9,94.8,111.3,C_2017-01-18-13-19-23-41.jpg
55.0,68.0,43.0,43.0,79.3,67.9,82.4,66.8,76.6,66.7,79.5,65.6,99.0,67.1,96.0,66.2,101.9,66.1,98.9,65.0,83.2,59.4,72.8,60.7,93.6,58.8,106.0,58.7,83.2,88.2,97.6,87.3,83.8,79.0,86.0,74.2,95.8,78.1,92.9,73.7,86.6,67.3,91.1,66.9,89.5,77.5,79.2,66.8,98.5,66.2,89.9,89.5,89.6,87.3,89.8,86.4,89.7,84.0,C_2017-01-18-13-47-10-953.jpg
86.0,74.0,36.0,36.0,82.5,96.9,84.8,96.1,80.0,96.6,82.2,95.6,99.4,95.2,96.8,94.9,102.2,94.5,99.3,93.9,87.4,90.9,76.4,92.9,92.6,91.2,105.0,90.5,86.9,113.5,99.2,111.5,86.2,105.1,88.1,100.8,97.7,103.5,94.3,100.1,88.5,96.0,92.7,95.6,91.9,103.6,82.7,96.1,98.8,94.6,92.3,114.9,91.9,112.3,91.8,112.1,91.5,110.1,C_2017-01-18-13-20-28-323.jpg
63.0,44.0,58.0,58.0,57.1,81.7,61.0,80.2,53.0,80.9,56.6,79.3,85.1,79.2,80.6,78.5,89.6,77.1,84.9,77.0,63.9,73.7,46.8,74.2,79.2,72.1,92.7,69.4,63.3,105.9,88.2,102.7,64.0,94.4,67.2,88.1,82.5,91.6,76.6,86.8,67.2,80.4,74.4,79.8,72.4,92.2,56.9,80.6,84.0,78.3,75.4,108.9,75.1,106.2,74.4,103.5,73.8,101.8,C_2017-01-23-16-14-02-692.jpg
56.0,52.0,60.0,60.0,69.5,74.3,73.1,72.7,65.8,72.3,69.3,70.8,96.9,74.8,92.7,73.7,101.0,72.5,96.2,71.1,76.5,64.5,61.4,62.9,90.8,64.1,106.8,62.5,72.7,102.3,91.8,102.9,74.0,89.2,76.5,81.7,90.8,89.0,87.8,81.5,78.5,73.7,86.3,73.7,82.5,86.5,69.7,72.5,96.7,72.6,82.3,107.8,82.1,103.8,81.7,101.3,81.5,97.9,C_2017-01-24-20-33-32-856.jpg
49.0,69.0,37.0,37.0,77.9,60.8,80.4,60.0,75.1,60.4,77.9,59.3,95.4,58.3,92.4,58.3,98.0,57.1,94.9,56.7,78.6,51.7,69.9,54.3,88.1,50.5,99.7,49.0,83.6,77.3,95.5,75.8,82.4,69.8,83.7,65.5,92.6,69.1,90.1,65.0,83.8,59.5,88.8,59.0,85.9,67.7,78.1,60.0,94.9,57.4,88.8,78.6,88.3,76.1,87.8,75.7,87.3,73.8,C_2017-01-18-13-46-05-642.jpg
42.0,65.0,42.0,42.0,76.0,55.1,78.8,54.0,73.0,55.0,75.5,53.6,95.0,52.8,91.5,52.5,98.4,51.9,94.7,51.4,79.6,48.7,70.0,50.2,87.6,46.5,101.9,45.6,78.6,73.6,94.8,72.3,79.1,64.1,80.1,59.8,91.0,63.5,88.5,58.9,81.1,53.8,86.7,52.9,83.8,62.5,76.2,54.6,94.4,52.2,85.8,76.0,85.5,73.3,85.9,71.2,85.7,68.8,C_2017-01-21-15-16-04-720.jpg
63.0,46.0,56.0,56.0,59.8,80.7,63.6,79.1,55.7,79.7,59.8,78.6,87.2,79.3,82.5,78.6,90.8,77.2,86.7,77.2,66.8,73.5,50.5,73.7,78.3,72.9,95.4,70.9,63.9,105.4,86.8,103.9,64.3,93.6,68.3,87.6,82.7,93.0,78.8,87.4,68.7,80.7,76.0,80.4,73.6,93.6,60.2,80.1,86.3,78.3,74.2,109.2,74.4,106.4,74.2,104.3,74.0,102.3,C_2017-01-23-16-14-22-754.jpg
57.0,77.0,46.0,46.0,90.0,69.8,93.1,68.8,86.9,68.5,89.9,67.5,109.8,69.0,106.7,68.2,112.8,67.6,109.6,66.7,93.8,61.8,81.9,61.2,104.1,61.0,116.6,60.5,93.0,92.2,106.5,92.7,94.0,81.6,96.3,77.3,106.9,82.1,104.7,76.9,97.7,69.3,101.9,68.6,100.1,80.4,90.9,68.4,109.4,67.8,99.7,93.7,99.7,90.7,100.2,91.9,100.5,89.3,C_2017-01-24-18-31-51-917.jpg
56.0,54.0,60.0,60.0,70.6,73.5,74.4,72.1,66.9,71.9,70.7,70.6,98.1,73.6,94.2,72.0,102.2,72.3,98.4,70.6,78.2,63.9,61.6,63.3,91.8,63.5,108.1,62.7,72.8,100.7,92.9,101.6,76.5,88.3,79.5,82.7,92.2,88.8,90.6,82.5,81.2,71.7,88.8,71.8,85.3,86.8,70.5,72.1,97.9,71.9,84.0,102.6,83.6,99.7,83.5,100.9,83.6,98.2,C_2017-01-24-20-33-37-911.jpg
86.0,74.0,37.0,37.0,83.5,97.5,86.3,96.8,80.2,96.9,83.7,96.3,101.0,96.7,98.3,96.3,103.4,96.0,100.9,95.7,87.7,92.1,77.6,94.1,93.7,92.0,106.5,93.9,86.9,114.4,99.7,114.1,87.0,105.6,89.0,101.8,99.0,105.5,96.3,101.3,89.8,96.9,94.8,96.6,92.5,104.4,83.6,97.2,101.0,96.4,92.6,116.4,92.3,114.1,92.6,112.4,92.7,110.4,C_2017-01-18-13-20-48-354.jpg
83.0,77.0,42.0,42.0,87.7,96.5,90.9,95.9,84.1,96.0,87.7,95.6,107.5,95.8,104.0,95.2,110.9,95.0,107.5,94.7,93.0,90.9,78.4,93.0,101.6,91.3,115.8,90.9,90.9,115.0,106.4,114.4,91.5,105.9,93.9,102.1,104.9,105.2,101.9,101.4,94.8,96.3,100.2,96.0,97.7,104.0,87.0,95.9,107.4,95.0,98.9,117.2,98.7,114.4,98.9,114.1,98.7,111.7,C_2017-01-24-14-55-10-838.jpg
57.0,53.0,61.0,61.0,71.7,74.1,75.7,73.1,67.5,72.4,71.9,71.6,98.3,75.3,94.7,74.0,102.6,74.2,98.7,72.6,77.3,63.1,62.0,63.3,92.5,64.0,107.6,64.4,71.1,101.8,91.9,103.0,75.4,90.0,78.5,83.9,92.2,89.5,90.5,83.6,81.3,73.4,88.1,73.6,85.5,88.2,71.3,72.8,99.0,73.9,81.8,106.1,82.4,102.6,82.7,101.6,83.1,98.8,C_2017-01-24-20-33-47-926.jpg
69.0,56.0,39.0,39.0,66.8,80.2,69.1,79.5,64.3,79.9,66.8,79.3,84.4,80.6,81.6,80.0,87.0,80.1,84.5,79.9,72.0,74.8,61.1,75.3,78.7,75.8,91.2,76.9,68.1,97.9,82.4,98.1,69.1,88.8,72.1,85.4,81.0,88.8,78.9,85.2,73.0,79.6,78.1,79.8,74.9,88.7,66.7,79.8,84.6,80.2,75.2,103.2,75.3,100.1,75.8,96.8,75.9,95.4,C_2017-01-10-13-19-25-411.jpg
56.0,47.0,60.0,60.0,63.3,73.6,66.5,72.6,59.4,73.2,62.7,71.7,89.6,72.7,85.6,72.1,93.4,71.3,89.2,70.2,68.6,64.9,54.8,66.1,81.8,63.2,100.9,64.1,66.9,101.0,89.2,100.2,68.5,88.6,69.8,83.2,85.7,87.0,82.1,82.1,70.3,73.0,80.0,72.6,76.7,86.9,62.9,72.5,89.7,71.5,77.6,108.7,77.3,104.4,77.0,100.5,76.9,97.3,C_2017-01-24-20-35-13-510.jpg
57.0,49.0,57.0,57.0,64.1,74.3,68.6,73.3,59.7,72.5,64.0,72.6,91.4,74.3,87.1,73.0,94.9,72.7,91.4,72.5,73.4,68.1,54.9,67.2,83.4,67.7,101.8,69.0,66.2,99.7,87.3,99.4,68.5,87.5,72.1,81.9,85.7,86.8,81.3,81.6,74.6,74.0,80.1,73.8,77.0,85.2,64.4,73.5,91.1,73.2,75.8,100.7,75.8,97.7,76.4,97.5,76.9,95.3,C_2017-01-23-16-14-12-739.jpg
60.0,45.0,57.0,57.0,61.3,77.3,64.9,75.9,57.6,77.0,61.0,76.0,85.8,75.3,82.5,74.4,88.9,74.3,85.9,73.7,66.6,70.6,50.5,71.4,78.6,69.4,95.4,69.0,63.6,103.0,87.6,100.1,64.8,90.1,68.3,84.0,82.9,88.1,78.5,83.4,69.7,76.3,75.5,75.9,72.7,89.6,60.5,76.5,85.6,74.4,75.0,106.0,74.7,103.4,74.9,100.0,74.8,98.0,C_2017-01-23-16-14-52-803.jpg
87.0,75.0,37.0,37.0,85.6,98.4,88.2,97.0,82.7,98.1,85.6,96.6,101.4,96.8,99.4,96.4,103.7,96.2,101.7,94.6,88.8,92.2,78.9,95.1,96.1,91.6,106.7,91.9,87.6,114.9,100.9,114.2,88.2,106.3,89.9,102.3,99.4,105.7,96.6,102.1,91.3,96.9,95.2,96.6,92.8,104.9,84.9,97.6,101.0,95.9,94.3,115.2,94.2,113.5,94.1,113.2,94.0,111.5,C_2017-01-18-13-20-23-297.jpg
87.0,70.0,36.0,36.0,78.9,98.3,81.4,97.4,76.2,98.0,78.9,96.6,95.0,97.1,92.2,96.6,97.5,96.2,94.7,95.6,81.9,89.9,71.9,93.2,90.7,90.4,101.1,91.5,82.2,115.5,94.1,113.9,82.6,106.5,84.1,102.9,93.5,105.7,91.1,102.3,84.7,97.3,89.6,97.0,88.5,103.8,79.6,97.5,94.9,96.1,88.7,115.6,88.5,113.3,88.5,113.1,88.3,111.2,C_2017-01-18-13-19-43-74.jpg
54.0,70.0,46.0,46.0,81.3,67.7,84.5,67.1,77.6,66.9,81.3,65.8,102.5,66.9,99.8,66.2,105.2,66.0,102.4,65.3,88.6,62.5,73.7,63.6,96.6,62.4,108.9,61.5,85.1,88.4,101.9,88.1,87.1,79.0,88.9,74.3,100.7,78.8,98.1,74.1,89.6,67.8,96.5,67.5,94.5,77.8,81.2,66.6,101.8,66.2,94.0,90.9,94.2,87.8,94.2,87.6,94.2,85.1,C_2017-01-22-20-31-46-949.jpg
86.0,73.0,37.0,37.0,83.4,97.7,85.6,97.4,80.6,97.9,83.0,96.8,99.4,96.5,97.1,96.6,101.5,96.0,99.0,95.8,86.5,92.1,76.2,94.5,93.6,91.7,104.5,91.9,85.6,114.5,98.7,114.0,86.2,105.9,88.1,102.0,97.6,105.7,94.6,102.1,88.7,97.6,92.8,97.3,91.8,104.3,82.7,97.4,99.0,95.9,92.5,114.8,91.9,112.6,92.2,113.1,91.9,111.4,C_2017-01-18-13-20-38-338.jpg
57.0,77.0,46.0,46.0,90.2,70.2,93.1,68.9,87.4,68.5,90.4,67.3,109.8,69.7,106.7,68.6,112.4,68.0,109.3,66.6,94.5,61.9,82.9,61.7,104.1,61.7,116.0,62.3,93.3,92.2,107.7,91.9,93.4,81.9,95.0,77.3,106.1,82.2,104.0,77.2,96.9,69.1,102.9,69.0,99.3,80.7,90.6,68.5,109.1,68.1,100.2,94.1,100.2,91.7,100.3,92.4,100.5,89.8,C_2017-01-24-18-32-52-730.jpg
55.0,48.0,56.0,56.0,63.4,72.6,67.3,71.2,58.9,71.8,62.9,71.0,89.3,72.1,85.0,71.1,93.5,70.7,89.3,70.3,69.2,66.4,53.9,65.8,80.8,66.1,98.9,65.9,64.8,97.5,89.8,95.6,66.6,86.2,69.9,80.5,85.1,84.6,80.6,79.2,71.7,72.3,77.7,71.9,74.9,82.9,62.8,72.0,87.9,71.2,76.1,98.2,76.5,95.0,77.1,95.6,77.1,93.6,C_2017-01-23-16-13-22-451.jpg
57.0,80.0,47.0,47.0,93.3,70.1,96.4,69.3,90.0,69.1,93.5,68.2,113.1,69.4,110.0,69.0,115.6,68.0,112.8,67.4,98.3,63.4,85.3,62.6,108.0,62.8,117.9,61.6,95.9,93.2,110.8,92.4,97.1,83.2,99.9,78.4,110.3,83.2,108.0,78.1,100.8,69.7,106.6,69.6,104.8,81.4,94.3,68.9,112.9,67.9,104.1,95.9,104.2,92.6,104.2,93.7,104.4,91.3,C_2017-01-24-18-33-33-291.jpg
57.0,55.0,61.0,61.0,72.4,73.3,76.1,72.5,68.7,71.7,72.4,70.6,98.5,74.8,94.8,73.2,102.4,73.2,98.1,71.4,79.9,65.2,62.7,63.9,92.9,65.0,109.1,63.5,73.4,102.5,92.8,102.9,75.5,89.7,78.8,83.4,93.1,90.3,90.5,83.2,81.0,72.6,89.3,73.0,86.4,88.3,72.9,71.9,99.4,73.0,83.1,106.5,83.4,103.1,82.9,102.7,83.1,99.7,C_2017-01-24-20-33-52-935.jpg
83.0,79.0,43.0,43.0,90.0,96.6,93.7,96.2,86.4,96.3,90.1,95.5,110.3,96.7,106.9,96.0,113.3,96.3,110.3,95.7,96.4,90.6,81.9,92.0,104.8,90.7,119.8,91.6,93.4,116.0,110.6,115.4,94.5,105.8,96.9,101.8,108.3,105.2,105.2,101.4,97.1,96.5,104.0,96.4,101.3,103.8,89.7,96.0,109.9,95.9,102.8,119.1,102.3,115.7,102.6,115.2,102.4,112.9,C_2017-01-24-14-55-05-830.jpg
71.0,96.0,43.0,43.0,106.7,83.3,109.5,82.5,104.2,82.5,106.8,81.5,127.8,83.3,125.0,82.2,130.6,82.5,127.6,81.6,112.8,76.4,99.2,78.3,121.3,76.8,135.0,77.9,110.1,102.7,125.3,102.9,110.7,94.1,113.0,90.0,123.8,94.0,122.3,90.2,114.7,83.5,120.6,83.5,117.3,93.4,106.8,82.5,127.0,82.6,116.9,105.2,117.2,103.1,117.5,102.8,117.7,100.7,C_2017-01-24-14-34-14-674.jpg
52.0,79.0,41.0,41.0,89.3,63.8,92.0,62.8,86.4,63.0,89.3,62.0,106.5,62.4,104.3,61.6,108.5,61.5,106.2,60.8,95.5,57.7,81.7,58.9,102.6,56.7,112.3,56.9,96.4,85.2,104.5,84.5,94.9,73.7,95.7,67.9,104.4,71.5,102.6,67.2,96.1,62.5,101.3,62.0,100.2,69.0,89.4,62.8,106.7,61.7,101.0,87.8,101.2,85.1,101.0,81.6,101.2,78.9,C_2017-01-24-18-12-38-543.jpg
71.0,95.0,44.0,44.0,106.7,84.6,110.4,83.4,103.4,82.9,107.0,81.0,127.6,85.1,123.8,83.8,130.7,83.5,127.4,81.6,112.3,77.6,100.5,76.4,122.5,77.3,136.6,77.8,108.9,104.6,124.9,105.0,110.3,95.0,113.0,91.1,123.3,95.4,120.5,91.3,114.2,84.6,120.3,84.7,116.9,93.8,107.6,83.2,127.2,83.5,116.2,107.8,116.4,105.4,116.9,104.3,116.9,101.5,C_2017-01-24-14-34-39-810.jpg
52.0,80.0,39.0,39.0,88.3,64.5,91.1,63.5,85.2,64.0,88.3,63.3,107.0,63.1,104.4,62.5,108.9,62.2,106.9,61.8,94.2,58.1,80.7,60.2,102.8,56.5,111.9,57.1,91.7,81.6,106.4,80.9,93.5,72.8,96.0,68.6,105.0,71.7,103.1,68.0,96.2,63.2,100.6,63.1,101.3,70.4,89.0,63.9,107.4,62.3,100.0,83.6,99.8,81.0,100.3,80.8,100.4,78.8,C_2017-01-24-18-12-48-684.jpg
55.0,67.0,44.0,44.0,78.5,69.0,81.1,67.6,75.7,68.1,78.6,66.9,98.2,67.4,95.0,66.9,101.1,66.1,97.9,65.6,81.2,59.1,69.9,61.4,91.2,57.9,105.9,57.7,82.0,88.5,97.6,87.6,83.1,79.4,85.4,74.4,94.9,79.6,92.4,74.3,85.8,67.8,90.7,67.2,88.2,78.0,78.5,67.5,97.3,66.3,90.1,89.8,89.9,87.6,90.1,86.7,90.0,85.5,C_2017-01-18-13-47-25-978.jpg
40.0,65.0,39.0,39.0,76.1,51.9,78.4,50.9,73.6,51.7,75.6,50.9,93.9,50.6,90.9,49.9,96.5,49.9,93.6,49.7,79.7,44.8,70.9,47.2,86.6,44.2,99.5,45.9,77.4,69.1,92.2,68.6,77.6,60.0,79.9,55.6,88.9,60.1,86.6,55.5,81.4,51.3,86.3,50.7,82.3,58.3,76.2,51.4,94.7,50.1,83.9,71.8,83.9,69.0,83.9,67.0,83.5,65.4,C_2017-01-21-15-15-29-424.jpg
71.0,94.0,46.0,46.0,105.5,84.3,108.4,83.4,102.5,82.8,105.7,81.6,127.8,85.2,124.0,84.3,130.9,83.7,127.3,82.3,111.4,78.1,97.0,76.8,121.2,77.7,135.6,76.9,109.0,105.1,123.9,105.7,109.9,95.4,112.3,90.7,123.2,96.6,120.8,91.2,113.4,84.8,119.0,85.1,116.4,94.8,106.2,82.6,127.0,83.5,116.0,108.0,116.2,105.6,116.9,104.5,116.9,102.1,C_2017-01-24-14-34-59-955.jpg
46.0,87.0,36.0,36.0,96.5,57.2,99.0,56.1,94.1,56.6,96.3,55.8,111.1,56.9,108.9,56.4,113.3,56.5,111.1,55.7,101.5,51.6,88.6,54.5,108.0,51.7,114.3,53.0,97.8,74.3,111.4,74.4,99.6,65.1,102.0,60.5,111.1,63.9,108.7,59.7,102.5,56.3,106.6,56.0,108.1,62.6,96.8,56.6,111.5,56.5,107.2,77.8,107.4,75.6,107.1,72.6,107.3,70.8,C_2017-01-24-18-13-24-157.jpg
54.0,63.0,43.0,43.0,74.8,67.8,77.6,66.6,71.6,67.0,74.4,65.6,93.6,66.5,90.9,65.7,96.6,65.4,93.4,64.5,79.5,61.1,68.5,63.3,87.9,60.6,99.2,60.2,76.9,87.1,94.5,86.1,79.3,78.5,81.1,73.8,92.1,76.9,89.6,73.2,81.7,66.8,87.0,66.3,86.0,75.9,74.4,66.7,92.5,65.6,86.1,89.2,86.0,86.5,86.1,86.0,86.1,84.4,C_2017-01-22-20-33-32-309.jpg
36.0,83.0,38.0,38.0,93.5,47.5,96.2,46.6,90.4,46.9,93.4,45.6,110.5,47.6,107.7,46.9,113.4,47.1,110.5,45.9,97.3,40.7,86.5,43.4,105.7,40.2,114.7,41.6,93.5,64.1,107.8,64.5,96.5,55.9,98.8,51.6,107.7,56.0,105.0,51.4,99.9,46.4,103.9,46.3,102.0,53.6,93.4,46.4,110.3,46.8,102.1,66.3,101.9,64.0,102.3,62.7,102.2,60.9,C_2017-01-24-17-40-45-581.jpg
85.0,79.0,43.0,43.0,89.2,97.2,92.5,96.9,85.7,96.7,89.2,96.5,110.0,97.5,106.3,97.1,113.0,97.0,109.3,96.9,96.5,92.1,82.4,92.5,104.5,92.3,117.1,92.1,91.7,116.3,108.2,116.5,93.6,107.3,95.7,102.9,106.8,106.4,103.2,102.2,96.7,97.2,102.4,97.4,100.5,105.4,89.4,96.9,110.2,97.4,101.8,119.7,101.5,116.5,101.5,116.1,101.3,113.6,C_2017-01-24-14-55-00-824.jpg
69.0,55.0,39.0,39.0,65.9,80.8,68.5,80.2,62.9,80.2,66.0,79.2,83.6,80.7,81.4,80.0,85.6,80.3,83.7,79.3,70.7,75.2,60.0,75.6,78.3,75.8,89.7,77.0,67.1,97.9,82.5,98.0,69.0,89.0,71.1,85.1,80.5,89.2,78.3,85.3,72.1,80.1,76.7,80.2,74.6,87.6,65.9,79.5,83.3,80.0,74.7,102.4,74.7,99.6,75.1,96.8,75.2,95.2,C_2017-01-10-13-19-15-378.jpg
58.0,77.0,46.0,46.0,89.7,70.6,92.6,70.0,86.7,69.4,89.9,68.8,109.4,70.4,106.6,69.4,112.1,68.9,109.1,67.8,93.5,63.0,81.8,61.8,103.9,63.0,114.7,61.2,92.3,92.8,107.4,93.1,93.1,82.9,95.4,78.5,106.5,83.6,104.4,78.3,96.9,70.6,101.7,70.5,99.9,81.2,90.3,69.7,108.8,69.2,100.1,94.3,100.1,91.3,100.3,93.4,100.5,90.9,C_2017-01-24-18-31-41-768.jpg
42.0,64.0,41.0,41.0,75.7,55.5,77.8,54.7,72.8,55.0,75.2,53.7,92.9,52.4,90.2,52.0,95.4,51.7,92.6,50.6,78.8,47.8,69.1,50.1,86.9,46.1,98.4,45.6,78.6,74.3,93.1,71.9,78.9,65.1,79.8,60.7,90.6,64.2,88.5,59.6,81.2,54.3,85.9,53.5,84.5,62.8,75.6,54.5,92.7,51.7,86.9,78.4,86.4,75.6,85.5,71.4,85.2,69.0,C_2017-01-21-15-15-59-712.jpg
59.0,47.0,55.0,55.0,61.4,75.9,64.6,74.8,57.5,75.7,60.7,74.8,86.4,74.4,82.3,74.0,90.0,73.5,86.4,73.5,69.0,70.3,52.5,69.7,77.7,69.1,95.6,66.9,64.5,100.6,87.2,98.7,65.3,89.8,68.4,83.8,82.9,88.9,79.2,83.2,70.5,75.8,77.1,75.5,73.4,88.9,61.4,75.3,86.7,73.8,75.1,104.5,75.0,101.3,74.9,98.7,74.6,96.7,C_2017-01-23-16-13-32-497.jpg
67.0,55.0,40.0,40.0,66.4,79.0,69.0,78.9,64.0,78.6,66.6,77.7,84.4,79.8,82.1,79.3,86.7,80.0,84.3,78.6,72.0,74.7,61.4,74.6,79.3,75.1,90.7,77.5,65.6,96.5,83.3,96.7,69.3,87.6,72.0,84.1,82.0,87.8,79.1,84.1,73.2,79.5,77.4,79.5,76.1,86.7,66.5,78.5,84.0,79.4,74.6,99.4,74.6,97.0,74.9,95.8,75.2,94.0,C_2017-01-10-13-20-05-504.jpg
68.0,54.0,37.0,37.0,63.2,79.7,65.8,79.0,60.4,78.9,63.0,78.6,81.1,80.4,78.7,79.6,83.9,80.0,81.5,79.6,67.8,74.9,57.1,74.7,75.7,76.0,87.4,76.5,63.0,94.6,81.4,94.8,66.5,87.9,69.3,84.5,78.5,88.7,75.8,84.6,69.8,79.5,74.6,79.4,72.8,87.8,63.6,79.2,81.7,80.1,72.2,100.3,72.2,98.1,72.6,94.9,72.7,93.7,C_2017-01-10-13-20-10-515.jpg
85.0,74.0,39.0,39.0,83.6,96.3,86.2,95.7,80.7,96.0,83.7,95.4,102.3,95.4,100.0,94.9,104.5,95.1,102.2,94.5,89.0,90.5,76.9,92.0,96.5,90.6,107.3,90.4,87.0,114.3,100.2,114.1,87.5,105.6,90.0,100.9,100.6,105.2,97.8,100.8,90.7,95.9,96.0,95.6,94.6,103.5,83.3,95.9,101.1,94.8,93.6,116.1,93.5,113.7,94.1,112.3,94.1,110.4,C_2017-01-18-13-19-13-27.jpg
58.0,51.0,59.0,59.0,68.1,74.2,71.9,73.0,64.1,73.1,68.4,71.7,95.0,74.5,90.9,73.3,99.1,73.1,95.0,71.5,76.5,65.5,59.7,65.5,89.8,64.7,105.6,64.5,71.3,102.2,88.5,103.1,73.4,89.9,75.9,83.9,88.8,90.3,87.9,83.5,77.2,73.5,85.6,73.5,82.0,88.5,68.4,73.1,95.2,72.8,79.4,106.9,79.9,103.2,79.9,101.8,80.0,98.5,C_2017-01-24-20-34-03-1.jpg
62.0,42.0,56.0,56.0,55.9,80.3,59.8,79.0,51.3,79.6,55.2,78.7,82.2,77.4,78.0,77.3,86.1,76.1,82.0,76.4,62.8,73.4,46.0,74.6,72.8,72.7,90.3,70.5,61.5,105.2,84.1,102.1,61.3,93.0,64.0,87.2,79.4,90.7,75.5,86.1,64.4,78.9,72.5,78.0,69.3,90.8,55.9,79.6,82.1,76.9,71.4,109.1,71.4,106.4,71.0,102.9,70.9,100.5,C_2017-01-23-16-14-47-791.jpg
40.0,65.0,40.0,40.0,76.4,51.2,78.6,50.7,74.0,51.0,76.5,50.3,94.1,51.5,91.7,50.7,96.5,51.3,94.2,50.2,80.9,44.8,71.4,44.3,89.1,45.3,99.2,45.4,76.8,70.6,92.4,70.1,78.9,60.9,80.8,56.6,90.6,60.8,88.6,56.4,82.3,51.2,86.9,51.2,84.8,59.6,76.6,51.3,94.4,51.2,84.4,75.0,84.4,72.7,84.5,68.0,84.4,66.1,C_2017-01-21-15-15-19-356.jpg
69.0,95.0,45.0,45.0,107.2,82.1,110.0,81.1,104.8,80.7,107.1,78.9,128.4,83.0,124.9,81.7,131.9,81.5,128.1,79.8,113.8,75.3,100.3,74.5,122.7,75.1,135.0,76.1,109.7,102.7,125.1,103.1,111.0,93.6,113.1,89.4,123.1,93.9,121.2,89.5,115.6,82.7,119.9,82.7,117.2,92.1,108.2,80.6,128.1,81.2,117.5,105.5,117.5,103.7,117.1,102.9,116.7,100.4,C_2017-01-24-14-34-09-668.jpg
45.0,70.0,37.0,37.0,78.4,57.6,80.5,56.7,76.0,57.9,77.8,56.6,95.1,54.4,92.6,54.4,97.6,53.5,94.9,52.9,79.4,48.4,71.1,52.8,88.4,47.0,99.7,46.4,84.4,74.3,96.5,71.6,82.8,66.2,84.2,61.9,93.0,64.2,89.6,60.7,84.2,56.0,88.1,55.4,87.3,63.5,78.4,57.2,94.4,53.7,91.0,76.1,90.6,74.0,89.6,71.1,89.1,69.4,C_2017-01-18-13-46-00-584.jpg
53.0,64.0,47.0,47.0,76.3,68.0,79.4,66.5,73.0,66.7,76.0,65.7,97.9,67.0,94.9,65.7,101.1,65.3,97.7,64.6,82.4,61.8,70.7,61.5,90.8,60.9,103.5,59.4,79.0,88.0,97.9,87.3,81.2,78.6,83.1,73.9,95.1,78.3,92.5,73.4,84.0,66.8,90.4,66.6,87.4,76.5,76.8,66.5,97.7,65.7,88.2,92.1,88.5,88.3,88.4,87.4,88.4,84.8,C_2017-01-22-20-33-07-187.jpg
56.0,76.0,47.0,47.0,89.6,69.5,92.8,68.6,86.6,68.3,89.9,67.1,108.8,68.6,105.8,67.8,111.5,67.4,108.6,66.3,93.6,60.9,81.7,61.8,104.3,60.9,114.7,60.6,91.8,91.9,106.8,91.3,92.9,81.6,95.4,76.6,105.9,81.6,103.8,76.3,96.8,68.7,102.0,68.6,100.3,80.3,90.7,68.1,108.9,67.0,99.7,94.7,99.4,91.9,99.5,91.5,99.7,88.8,C_2017-01-24-18-32-07-113.jpg
53.0,67.0,43.0,43.0,77.7,66.9,80.7,66.1,75.0,65.8,77.9,64.9,97.7,65.5,94.8,65.1,101.1,64.5,97.8,63.5,81.5,57.9,68.1,61.1,91.0,57.2,104.3,56.7,81.0,86.0,96.4,84.8,82.1,77.3,84.0,72.9,93.6,76.9,91.7,72.5,84.4,66.4,89.9,66.0,87.2,76.0,78.7,65.4,97.9,64.4,89.4,88.3,89.1,85.9,88.6,85.0,88.5,83.0,C_2017-01-18-13-46-30-730.jpg
55.0,68.0,42.0,42.0,78.9,67.9,82.3,66.7,75.7,66.8,78.9,65.5,98.9,68.0,95.5,66.9,102.2,66.4,98.6,65.7,82.5,58.4,70.4,59.6,92.0,58.3,107.0,58.4,82.6,86.8,97.1,86.5,83.1,78.4,85.3,73.8,94.8,78.8,92.5,73.7,85.9,67.7,91.0,67.5,88.4,76.9,79.6,66.3,98.7,66.7,89.5,87.9,89.3,85.5,89.0,86.2,88.9,83.9,C_2017-01-18-13-46-40-742.jpg
54.0,65.0,47.0,47.0,79.0,68.1,82.2,67.2,76.0,67.1,79.0,66.0,100.3,67.7,96.8,67.0,103.6,66.8,100.3,65.5,85.0,62.2,73.5,62.1,93.3,62.3,105.7,61.6,79.6,89.7,97.9,89.5,82.6,80.5,84.9,75.7,96.3,79.9,94.1,75.6,86.5,67.6,92.3,67.7,89.8,79.1,79.1,67.3,99.2,66.7,89.7,94.5,89.9,90.7,89.6,89.7,89.5,87.3,C_2017-01-22-20-33-22-293.jpg
58.0,52.0,60.0,60.0,68.7,75.3,72.3,73.5,64.6,73.3,69.1,71.8,95.4,75.8,91.3,73.6,99.7,74.2,95.9,71.7,76.9,66.1,59.8,64.0,90.7,65.4,104.9,64.3,70.6,102.5,88.1,104.1,73.8,90.4,75.9,84.5,90.5,90.9,89.0,84.1,78.4,74.4,86.7,74.4,84.3,88.8,68.8,73.2,95.5,73.2,79.9,108.1,80.3,104.0,81.2,102.3,81.6,99.1,C_2017-01-24-20-34-13-13.jpg
62.0,44.0,56.0,56.0,57.5,79.5,61.5,78.3,53.0,78.6,57.2,77.0,81.8,77.8,77.8,76.8,85.2,76.0,81.9,74.6,62.3,72.5,45.9,75.0,76.1,71.1,92.6,69.5,62.7,104.4,84.7,101.8,61.9,93.8,65.4,87.1,79.8,91.6,75.8,86.3,66.1,78.9,72.6,78.6,71.0,92.1,57.6,78.4,82.3,76.3,73.7,108.2,73.2,105.3,72.4,103.3,72.0,100.9,C_2017-01-23-16-14-42-784.jpg
84.0,78.0,41.0,41.0,88.4,96.2,91.0,95.7,85.8,95.9,88.5,95.4,107.1,96.0,104.7,95.3,109.9,95.7,107.5,95.4,94.4,91.0,82.7,91.5,101.1,90.9,115.9,91.2,90.4,114.4,106.6,113.9,92.0,105.9,94.3,101.3,105.1,104.6,102.4,100.5,95.4,95.9,100.0,95.7,98.6,103.6,88.1,95.8,107.0,95.4,98.6,117.3,98.7,114.8,98.6,113.8,98.5,111.7,C_2017-01-24-14-55-15-850.jpg
60.0,44.0,57.0,57.0,58.3,78.3,62.4,76.6,54.1,77.1,58.1,75.9,83.8,75.9,79.4,75.0,87.9,74.0,83.5,74.0,63.5,70.2,47.2,70.3,77.7,68.3,92.2,67.1,62.7,103.7,85.3,101.2,63.5,91.4,67.0,84.4,80.9,88.8,77.1,84.2,67.6,76.8,74.1,75.9,72.0,87.9,58.1,77.1,82.9,75.0,73.4,106.5,73.1,103.8,73.0,100.1,73.0,98.1,C_2017-01-23-16-14-32-771.jpg
68.0,57.0,39.0,39.0,68.3,80.1,70.2,79.0,66.0,79.3,67.8,78.7,86.6,79.9,83.3,78.6,89.9,79.1,86.9,78.4,73.1,75.0,63.9,74.1,81.2,74.9,92.9,75.1,68.5,97.0,86.2,96.0,71.1,88.4,73.1,84.3,82.4,87.6,80.4,84.1,75.0,79.0,79.0,78.8,75.8,87.6,68.3,79.4,86.0,79.4,77.3,99.9,77.3,98.1,77.3,95.7,77.0,94.3,C_2017-01-10-13-18-50-179.jpg
54.0,67.0,47.0,47.0,79.3,67.6,82.1,66.6,76.0,66.5,79.2,65.7,100.5,67.1,97.7,66.4,103.4,66.4,100.6,65.7,85.6,61.8,73.1,62.4,95.4,61.2,106.5,61.6,81.8,88.8,98.7,88.5,84.2,79.0,86.9,73.6,98.5,78.8,95.7,73.1,87.0,67.5,93.5,67.1,91.9,77.6,79.0,66.6,100.3,66.3,91.4,90.6,91.6,88.7,91.7,87.6,91.6,86.0,C_2017-01-22-20-32-37-76.jpg
59.0,43.0,56.0,56.0,59.2,74.8,62.3,73.8,56.1,73.4,59.0,71.8,83.6,75.6,79.4,74.2,87.8,74.5,83.8,72.4,61.6,65.8,53.2,64.8,76.1,65.3,94.7,67.4,63.8,101.7,79.9,101.9,60.6,89.3,63.0,84.2,76.3,90.7,73.3,84.6,65.9,74.7,72.6,74.9,65.3,89.5,59.8,73.2,84.6,73.6,68.5,108.3,68.5,104.8,68.0,98.5,67.8,96.6,C_2017-01-24-20-34-33-220.jpg
54.0,66.0,47.0,47.0,78.7,68.4,81.5,67.3,75.3,67.5,78.4,66.4,99.7,67.8,96.7,67.2,103.0,66.7,99.9,65.7,84.4,62.1,72.1,63.2,94.2,61.9,104.7,61.0,81.1,89.3,98.6,89.3,83.0,80.0,85.2,74.9,97.7,80.0,94.7,74.9,86.4,68.1,92.2,68.0,91.6,78.1,78.7,67.1,99.3,66.6,90.5,92.2,90.4,89.1,90.8,88.7,90.7,86.4,C_2017-01-22-20-33-17-269.jpg
55.0,66.0,46.0,46.0,77.2,68.7,80.3,67.7,73.9,67.5,77.4,67.0,98.2,68.1,95.5,66.7,101.5,67.0,98.5,65.8,83.6,62.9,71.0,63.3,91.6,62.1,103.8,61.6,79.8,88.9,96.4,88.6,81.5,79.9,83.8,75.3,95.8,79.9,93.2,75.1,84.6,68.2,91.1,67.9,89.1,78.9,77.6,67.8,98.7,66.8,89.1,92.5,89.0,89.4,89.1,88.7,89.3,86.8,C_2017-01-22-20-33-27-300.jpg
57.0,76.0,46.0,46.0,89.0,70.4,92.4,69.7,85.3,69.2,89.1,68.7,109.5,70.2,106.5,69.2,112.1,68.6,109.2,67.9,93.8,63.4,81.1,61.4,103.8,63.1,116.1,60.7,93.2,93.0,107.3,93.3,92.8,83.5,95.4,77.9,106.0,83.1,103.7,77.2,96.4,70.2,102.1,70.0,99.6,81.1,89.7,69.5,108.7,68.9,100.1,94.9,100.0,92.2,100.1,93.4,100.2,90.5,C_2017-01-24-18-32-32-459.jpg
41.0,69.0,39.0,39.0,79.5,51.4,82.4,50.4,76.6,50.1,79.5,49.5,97.5,52.6,94.7,51.3,100.7,52.1,97.8,50.7,84.6,43.1,74.9,43.1,93.1,43.7,103.4,45.9,80.2,68.6,94.8,70.1,81.9,59.6,84.0,55.7,92.5,62.3,92.1,57.1,86.0,50.3,90.5,50.6,86.7,60.1,80.6,50.5,97.9,52.0,85.3,73.6,85.8,71.8,86.6,68.0,86.8,66.5,C_2017-01-21-15-14-49-134.jpg
68.0,56.0,39.0,39.0,67.2,78.6,69.5,78.5,64.5,78.3,67.3,77.7,83.3,79.3,81.2,78.6,85.4,79.6,83.6,78.6,74.2,73.3,60.3,75.2,80.3,73.9,89.8,76.1,65.6,96.9,82.6,96.6,68.9,87.2,71.8,83.5,81.3,87.6,79.0,83.7,74.3,79.1,78.3,79.0,75.5,86.7,67.7,78.3,84.1,79.1,74.5,98.1,74.9,96.3,75.4,95.6,75.9,93.9,C_2017-01-10-13-20-00-499.jpg
54.0,70.0,40.0,40.0,81.0,65.9,84.1,65.1,78.3,64.4,81.4,63.6,99.5,66.7,96.4,66.0,102.6,65.5,99.6,64.5,84.4,57.0,74.0,56.8,94.0,57.0,108.0,57.5,82.6,84.5,97.0,84.9,83.8,76.2,85.9,72.0,95.1,77.5,94.0,72.7,87.3,65.7,92.3,65.9,88.6,74.8,82.4,64.6,99.8,65.6,89.3,86.7,89.2,84.9,89.1,84.1,89.1,82.1,C_2017-01-18-13-47-46-126.jpg
85.0,79.0,41.0,41.0,89.1,96.8,92.1,96.3,86.4,96.4,89.3,95.9,108.2,96.2,105.4,95.7,111.4,96.0,108.3,95.5,95.4,91.5,82.8,92.1,102.6,92.0,116.6,91.4,92.5,115.7,107.0,115.2,93.3,106.1,95.0,101.7,105.1,105.9,102.4,101.5,96.3,96.4,101.4,96.2,99.0,104.4,88.7,96.4,107.7,95.9,100.6,118.3,100.2,115.2,100.0,113.7,99.8,111.6,C_2017-01-24-14-55-40-965.jpg
57.0,76.0,46.0,46.0,89.2,69.5,92.1,69.3,86.2,68.9,89.1,68.9,108.9,69.1,105.9,68.6,111.7,68.0,108.6,68.3,93.0,61.3,81.8,63.0,103.2,60.6,114.8,62.0,92.3,92.3,107.3,92.0,91.8,81.5,95.0,77.4,106.0,81.4,103.8,77.0,96.4,69.6,101.8,69.0,98.9,80.0,89.4,69.6,108.8,68.8,99.9,96.3,99.6,93.2,99.4,92.0,99.4,89.0,C_2017-01-24-18-32-12-186.jpg
40.0,67.0,38.0,38.0,78.3,51.3,80.6,50.5,76.1,50.7,78.4,49.6,95.2,51.8,92.9,50.9,98.1,51.3,95.3,49.9,82.5,44.1,73.8,44.2,90.9,44.3,100.4,44.8,79.7,68.9,93.0,69.2,80.1,60.1,82.4,55.6,90.5,61.2,89.7,56.5,84.6,51.0,88.7,51.2,84.8,58.5,78.3,50.7,94.8,50.9,85.6,70.1,85.5,68.2,85.5,68.0,85.5,66.6,C_2017-01-21-15-15-09-342.jpg
61.0,50.0,55.0,55.0,63.7,77.5,67.9,76.3,59.2,75.8,63.6,75.3,89.6,77.1,85.8,75.6,92.7,74.9,89.2,74.9,72.5,72.2,53.1,71.3,82.0,72.3,98.6,69.4,67.7,102.4,88.9,101.0,68.0,90.9,71.6,85.2,86.2,89.9,82.5,84.3,73.4,77.0,79.8,76.8,77.1,89.6,64.8,76.7,89.6,75.9,77.9,105.8,77.7,102.9,77.9,100.2,78.1,98.8,C_2017-01-23-16-13-42-577.jpg
68.0,42.0,42.0,42.0,54.8,80.7,57.4,80.1,52.6,79.8,55.0,78.3,72.2,82.1,69.9,81.3,74.5,82.0,72.5,80.3,60.5,73.3,49.4,74.8,68.5,75.7,79.2,79.3,55.9,100.6,71.1,101.4,56.0,89.5,58.3,85.5,69.0,90.0,66.5,85.5,60.9,80.5,66.1,81.1,62.4,87.5,54.8,79.3,72.4,80.9,62.1,106.4,62.5,104.4,62.4,97.9,62.4,96.4,C_2017-01-10-13-20-25-555.jpg
72.0,94.0,46.0,46.0,106.1,85.3,108.8,84.4,103.9,84.2,106.3,83.0,127.3,85.4,123.5,84.4,130.5,84.0,126.8,82.6,111.4,78.6,99.0,78.5,120.4,78.7,136.2,77.9,108.9,106.3,124.5,105.8,109.4,96.9,112.5,92.4,123.1,96.8,120.7,92.6,113.5,85.7,119.5,85.6,115.9,95.0,106.3,84.0,126.6,83.8,116.3,109.4,116.3,106.2,116.0,105.7,116.0,103.1,C_2017-01-24-14-35-14-981.jpg
55.0,68.0,41.0,41.0,78.5,67.4,81.3,66.5,75.9,66.4,79.1,65.6,97.9,66.6,95.2,66.1,100.6,65.3,97.9,64.8,82.4,58.6,70.8,59.9,91.1,58.1,104.9,58.6,82.0,86.5,96.0,86.3,82.8,77.8,84.4,73.6,94.8,77.3,92.4,73.2,85.5,66.7,90.4,66.6,88.3,75.8,79.0,66.4,97.2,65.8,89.3,88.8,88.9,85.7,88.8,85.1,88.7,82.8,C_2017-01-18-13-46-35-736.jpg
40.0,67.0,38.0,38.0,77.1,51.3,78.9,50.5,74.7,51.2,76.7,49.7,93.5,50.6,91.2,49.9,96.1,50.1,93.5,48.9,81.1,44.0,70.4,44.9,88.5,42.9,100.4,43.7,78.7,68.2,92.9,68.5,79.2,59.7,80.8,55.7,91.6,59.9,89.5,55.8,83.0,50.4,87.0,50.1,84.4,59.1,78.4,50.4,94.3,49.7,85.6,71.6,85.5,69.8,85.3,66.8,85.2,65.0,C_2017-01-21-15-15-34-512.jpg
54.0,66.0,46.0,46.0,77.1,67.8,80.1,67.1,74.0,66.9,77.2,65.8,99.0,67.6,95.5,66.6,102.9,66.4,99.6,65.2,83.4,61.5,70.7,63.8,92.4,61.1,103.2,60.8,80.2,88.9,97.7,87.9,81.7,79.9,84.3,74.5,96.6,78.6,94.0,73.8,85.3,67.3,92.0,67.1,90.6,77.7,77.3,67.1,98.5,66.5,90.3,92.2,90.2,89.1,90.3,88.0,90.3,85.9,C_2017-01-22-20-33-02-146.jpg
55.0,79.0,40.0,40.0,90.2,67.3,92.4,66.3,87.6,67.2,90.2,65.6,108.0,65.4,105.4,65.1,110.3,64.7,108.0,63.7,96.2,60.9,82.5,62.7,103.3,60.0,114.2,58.9,92.2,85.7,106.3,84.7,94.7,76.6,96.2,71.6,105.1,75.6,103.3,70.7,97.3,65.7,101.8,65.4,101.4,73.6,90.1,66.5,107.4,64.7,100.2,85.8,100.2,83.8,100.2,84.0,100.3,82.4,C_2017-01-24-18-12-58-813.jpg
49.0,77.0,44.0,44.0,88.5,62.6,91.2,61.9,85.5,62.4,88.5,61.2,107.5,61.0,104.9,61.1,110.3,60.2,107.4,59.6,96.0,57.4,83.4,57.8,103.6,55.5,112.2,55.6,91.9,83.9,107.2,81.7,94.4,72.3,95.7,66.6,105.5,69.9,103.6,65.5,96.1,61.7,101.0,61.2,100.4,67.4,88.6,62.0,107.4,60.4,100.2,91.6,100.5,87.6,100.2,78.7,100.3,76.3,C_2017-01-24-18-12-13-195.jpg
85.0,75.0,38.0,38.0,84.3,97.5,87.4,96.7,81.2,97.0,84.3,95.6,102.1,96.5,99.4,96.1,104.5,95.8,101.9,94.6,90.9,92.2,78.2,93.4,95.7,91.5,107.7,91.2,87.3,114.2,100.1,114.0,88.2,105.8,90.4,101.5,100.1,105.5,97.7,101.2,91.8,96.6,96.0,96.3,95.0,104.0,84.6,96.3,102.2,95.3,94.4,116.0,94.3,113.8,94.2,112.7,94.3,111.0,C_2017-01-18-13-19-28-51.jpg
56.0,50.0,60.0,60.0,65.7,74.0,69.1,72.1,60.8,73.0,65.1,71.1,92.5,73.0,87.7,71.9,96.1,71.4,92.1,69.7,70.0,64.5,52.6,67.0,85.8,62.9,100.7,62.6,70.3,101.1,91.0,100.9,71.9,89.0,75.2,82.8,87.7,89.0,85.3,83.1,75.1,72.6,82.8,72.3,81.0,87.4,66.7,72.1,93.0,71.0,81.6,104.7,81.3,102.0,80.8,100.1,80.8,97.8,C_2017-01-24-20-35-18-516.jpg
84.0,75.0,41.0,41.0,86.2,96.3,88.9,95.4,83.1,96.1,86.1,95.7,105.1,96.1,101.8,95.4,108.1,95.7,104.9,95.6,90.9,89.7,79.2,91.3,99.6,90.1,112.3,91.1,87.5,115.2,103.3,114.9,88.9,105.1,91.2,100.6,102.4,104.1,99.4,100.1,92.8,95.4,97.2,95.4,96.3,103.0,86.1,95.8,104.9,95.7,96.1,119.3,96.0,116.3,96.0,113.7,95.9,111.0,C_2017-01-24-14-54-05-686.jpg
72.0,94.0,45.0,45.0,105.7,85.6,109.2,84.3,102.3,84.2,105.7,82.8,126.4,85.7,122.8,84.5,130.0,84.4,126.2,82.7,110.5,79.4,98.5,78.6,120.8,79.1,134.4,79.4,108.4,105.4,124.2,105.9,109.8,96.9,111.5,92.4,121.7,97.0,119.2,92.4,112.5,85.2,117.8,85.6,115.1,94.2,106.4,83.9,126.3,84.1,116.5,108.6,116.2,106.2,115.9,105.1,115.9,103.1,C_2017-01-24-14-35-19-988.jpg
87.0,75.0,36.0,36.0,84.2,97.8,86.1,97.2,81.8,97.8,84.0,96.8,100.5,96.1,98.3,95.7,102.9,95.3,100.3,94.9,87.7,92.6,77.7,94.1,93.4,91.9,105.8,91.4,88.0,114.2,99.8,113.4,87.0,106.0,89.1,101.7,98.6,105.2,95.7,101.5,89.6,97.0,94.3,96.4,92.3,104.6,84.1,97.3,100.2,95.6,93.5,115.0,93.5,113.1,93.2,112.7,93.0,110.9,C_2017-01-18-13-20-18-257.jpg
60.0,47.0,54.0,54.0,61.6,75.4,64.0,73.9,58.3,75.3,61.0,75.2,85.9,73.9,82.8,73.3,89.3,73.3,86.2,73.3,68.5,69.3,50.7,69.6,78.3,69.0,94.7,66.6,63.7,100.4,85.7,98.7,65.3,89.3,68.8,82.6,82.3,87.8,78.9,81.9,70.4,74.7,75.9,74.5,73.4,88.8,61.6,75.4,85.3,73.8,74.9,103.4,74.6,100.8,74.8,98.7,74.3,96.8,C_2017-01-23-16-13-37-536.jpg
37.0,83.0,36.0,36.0,92.7,47.6,94.8,46.9,90.3,47.1,92.3,46.5,108.7,47.8,106.8,47.3,110.5,47.3,108.4,46.8,98.4,43.1,88.3,43.9,105.2,43.0,113.0,43.0,94.2,64.3,107.2,64.3,96.0,55.7,98.2,51.8,106.7,55.3,104.6,51.4,99.0,47.0,103.4,47.1,102.0,53.9,92.6,47.0,108.2,47.2,101.4,66.8,101.2,64.4,100.8,62.4,101.0,61.1,C_2017-01-24-17-39-30-140.jpg
84.0,78.0,43.0,43.0,88.5,96.6,91.6,96.0,84.9,96.1,88.7,95.8,109.3,97.3,105.8,96.7,112.6,97.1,109.2,96.6,94.2,91.6,80.0,91.1,103.7,92.1,117.7,92.6,90.8,115.4,108.0,115.9,93.1,106.3,95.6,102.5,105.5,106.3,103.1,102.5,96.3,96.8,101.6,97.0,98.9,105.5,89.2,96.1,109.9,97.0,98.8,119.3,98.9,116.6,99.3,114.2,99.5,112.3,C_2017-01-24-14-54-55-817.jpg
39.0,65.0,40.0,40.0,77.2,51.2,79.3,50.7,74.9,51.1,77.1,49.7,94.8,51.3,92.4,50.7,97.1,51.4,94.9,49.8,82.2,44.5,72.2,45.5,89.7,44.4,101.7,47.0,77.6,69.1,93.5,70.0,78.9,60.4,81.1,56.4,91.5,60.6,89.4,56.4,83.7,51.1,87.7,51.3,84.1,58.8,77.5,50.6,94.6,50.7,84.3,72.9,84.4,71.0,84.7,67.1,84.7,65.6,C_2017-01-21-15-15-14-351.jpg
56.0,77.0,47.0,47.0,89.5,69.7,92.5,68.9,86.6,68.0,89.6,67.5,109.7,69.1,106.6,68.1,113.1,67.8,109.8,66.7,94.1,61.9,80.5,60.9,104.7,61.1,117.3,60.9,92.7,92.0,107.6,91.5,93.2,81.2,95.4,76.9,106.4,82.2,104.1,76.8,96.8,68.7,102.3,68.6,99.7,80.1,90.4,68.4,109.8,67.7,99.9,93.6,99.8,90.5,100.1,92.1,100.1,89.6,C_2017-01-24-18-32-02-44.jpg
68.0,56.0,39.0,39.0,67.4,80.1,69.9,79.3,64.2,79.7,67.0,78.7,85.2,80.9,82.8,79.8,88.1,80.9,85.8,79.6,72.3,74.3,61.9,75.6,79.9,75.1,91.3,78.0,68.1,97.8,83.9,98.1,70.4,88.2,72.6,85.1,82.0,88.4,80.1,85.1,74.1,79.7,78.7,79.8,75.9,87.1,67.1,79.5,85.3,80.2,76.3,101.1,76.4,98.8,76.3,95.5,76.3,94.0,C_2017-01-10-13-19-00-256.jpg
64.0,49.0,55.0,55.0,61.3,81.7,65.8,80.5,56.4,80.6,61.6,80.0,86.7,79.9,82.5,79.4,91.1,79.0,87.0,78.7,68.2,74.7,51.6,75.4,80.3,74.2,95.5,74.2,65.8,104.9,89.6,102.7,67.7,93.9,71.0,88.2,85.6,92.2,80.7,87.4,71.4,80.8,77.8,80.5,78.0,92.4,61.4,80.8,86.8,79.0,79.1,108.0,79.1,105.9,77.7,103.3,77.7,101.0,C_2017-01-23-16-13-57-683.jpg
49.0,80.0,41.0,41.0,91.0,61.5,94.0,60.9,88.3,61.0,91.1,60.2,108.6,61.1,105.7,60.7,111.2,60.0,108.0,59.1,97.4,56.3,85.1,57.6,105.0,54.9,113.4,55.6,92.2,79.4,109.7,79.3,95.3,70.7,97.5,67.0,108.2,69.7,105.5,66.3,98.3,61.4,103.4,61.0,102.5,67.8,91.4,60.6,108.6,60.0,102.6,82.4,102.5,79.8,102.5,78.2,102.4,75.9,C_2017-01-24-18-11-37-708.jpg
72.0,94.0,44.0,44.0,105.7,85.0,108.5,83.5,103.2,83.4,105.6,82.0,126.2,85.6,123.2,84.2,129.6,84.3,126.0,82.5,112.2,78.7,99.9,78.2,120.9,78.0,134.0,78.1,109.7,105.8,124.0,105.8,110.4,96.7,112.2,92.2,122.3,96.8,120.1,92.0,113.8,85.2,119.1,85.5,115.9,95.4,106.4,83.5,126.2,84.1,116.7,108.2,116.5,105.9,116.6,105.9,116.4,103.6,C_2017-01-24-14-34-54-930.jpg
55.0,67.0,47.0,47.0,78.9,68.8,81.9,67.6,75.3,67.9,78.6,66.7,99.9,67.6,97.0,66.8,103.6,66.7,100.2,65.9,84.9,62.4,72.1,63.7,93.4,61.9,106.6,62.2,82.3,90.1,98.7,89.2,82.9,80.3,85.2,75.4,98.2,79.6,94.8,75.0,86.4,68.3,93.4,68.1,91.3,78.8,79.3,67.6,100.3,66.9,90.9,92.2,90.9,89.3,91.0,88.9,91.0,86.9,C_2017-01-22-20-32-22-52.jpg
56.0,68.0,42.0,42.0,78.7,68.9,81.7,67.4,75.6,67.6,78.6,66.7,98.0,67.4,94.7,66.9,101.0,66.2,97.6,65.6,80.9,60.1,70.2,61.5,91.1,59.4,106.3,58.7,83.0,87.9,97.6,87.3,83.0,79.3,84.5,74.8,94.7,78.9,92.6,74.4,85.4,67.5,90.3,67.1,87.3,77.4,79.1,67.4,97.9,66.5,89.7,89.4,89.3,87.4,88.9,86.8,88.8,85.2,C_2017-01-18-13-47-31-47.jpg
58.0,47.0,55.0,55.0,60.5,74.9,63.7,73.8,57.1,74.3,60.2,73.4,85.6,73.6,81.9,72.8,88.4,72.5,85.7,72.0,68.5,68.2,50.5,68.1,79.5,67.0,96.2,67.3,64.2,99.1,86.5,97.5,64.7,87.9,68.3,82.3,83.4,86.9,79.2,82.0,70.1,74.0,76.8,73.7,73.5,87.3,60.9,74.0,85.3,72.6,74.3,102.6,74.3,99.4,75.1,98.2,75.1,95.5,C_2017-01-23-16-13-27-459.jpg
39.0,66.0,42.0,42.0,78.2,51.6,80.5,50.6,75.3,51.1,77.9,49.6,96.3,51.8,93.6,51.0,99.4,51.4,96.5,49.7,81.0,43.9,73.1,44.7,91.1,43.5,102.2,45.1,77.7,70.0,94.7,70.6,80.2,61.8,82.1,57.6,92.3,62.0,90.3,57.8,84.2,51.3,89.0,51.2,84.7,60.7,78.7,50.6,96.9,50.6,84.7,75.0,84.7,72.8,85.1,68.7,84.9,67.2,C_2017-01-21-15-14-39-58.jpg
53.0,66.0,42.0,42.0,78.0,66.5,80.7,65.8,75.3,65.4,78.4,64.7,96.9,65.4,94.1,64.9,99.5,64.3,96.5,63.7,80.4,57.9,70.4,59.9,90.1,57.0,104.2,57.3,80.1,85.5,95.9,84.7,81.9,77.2,83.6,72.2,93.7,76.3,90.7,71.7,84.6,65.8,88.9,65.5,86.1,74.9,78.3,65.1,96.2,64.5,87.5,85.8,87.2,83.9,86.8,85.8,86.5,83.8,C_2017-01-18-13-46-20-666.jpg
55.0,47.0,59.0,59.0,63.0,72.5,66.2,70.7,58.7,71.6,62.3,69.7,89.0,71.2,85.2,69.9,92.7,69.8,89.1,68.6,66.3,62.1,54.9,63.8,81.6,60.3,98.0,62.0,67.3,99.8,87.6,98.7,67.4,87.6,69.0,81.1,84.5,85.8,81.4,80.2,71.0,71.1,78.9,70.7,74.5,85.3,63.0,71.2,88.5,69.7,75.8,104.1,75.7,100.3,75.7,98.3,75.7,95.8,C_2017-01-24-20-34-48-371.jpg
85.0,80.0,39.0,39.0,89.3,96.9,92.2,96.1,86.4,96.9,89.0,95.8,107.5,95.6,104.8,95.1,110.0,95.0,107.2,94.6,93.9,90.7,83.4,92.1,102.6,90.0,111.7,89.7,93.1,114.1,106.6,113.7,93.0,105.5,95.1,100.9,105.7,103.9,102.8,100.4,96.1,95.9,101.2,95.7,98.9,103.0,88.9,96.5,107.0,94.9,100.3,115.5,100.0,113.0,100.2,112.2,99.9,110.2,C_2017-01-18-13-18-52-945.jpg
84.0,77.0,43.0,43.0,88.6,97.6,91.5,96.6,84.9,97.2,88.2,96.7,108.5,96.6,105.5,96.1,111.2,96.0,108.5,95.8,94.1,91.3,80.2,94.3,103.9,91.3,116.4,91.3,90.7,116.7,107.8,115.5,92.6,106.3,94.8,102.1,105.6,105.3,102.5,101.7,95.8,97.1,100.6,96.7,98.4,105.0,87.9,97.0,107.7,96.1,100.0,118.6,99.5,115.7,99.7,114.6,99.6,112.3,C_2017-01-24-14-55-25-913.jpg
42.0,64.0,40.0,40.0,74.1,55.6,75.9,54.4,71.8,55.4,73.7,54.0,92.4,52.7,89.7,51.9,94.8,51.0,91.9,50.5,76.9,48.9,68.7,49.2,86.0,45.7,97.4,44.9,77.9,73.5,92.6,70.8,77.3,64.0,78.5,59.1,89.3,62.3,87.1,58.0,79.5,54.0,85.2,52.7,81.5,61.8,75.1,55.0,93.3,51.4,84.8,74.5,84.4,72.3,84.3,70.3,84.1,68.3,C_2017-01-21-15-15-44-575.jpg
82.0,76.0,42.0,42.0,87.0,94.5,89.6,93.9,83.9,94.1,86.7,93.7,105.8,95.4,103.0,94.6,109.1,95.3,106.0,94.5,91.6,89.6,79.5,91.0,100.9,89.8,114.6,91.4,87.4,112.5,107.4,111.8,90.0,104.1,92.1,100.1,103.7,103.4,100.7,99.8,94.6,94.6,98.9,94.8,96.2,102.7,87.6,94.0,107.0,94.9,97.0,115.6,97.0,113.1,97.1,111.9,96.9,110.2,C_2017-01-24-14-54-10-693.jpg
54.0,69.0,41.0,41.0,79.8,66.4,82.0,65.3,78.0,65.5,79.7,64.4,98.5,65.5,95.8,64.9,101.0,64.3,98.0,63.6,81.0,57.2,72.5,60.0,91.7,56.6,104.5,58.9,83.8,85.3,97.6,85.0,83.3,76.2,85.0,71.9,94.5,75.5,92.3,71.7,86.2,65.5,90.7,65.2,87.1,74.6,80.2,65.2,98.1,64.4,89.6,85.2,89.5,83.2,89.3,83.7,89.1,82.0,C_2017-01-18-13-46-15-658.jpg
70.0,99.0,43.0,43.0,111.2,82.3,114.0,81.5,108.8,81.1,111.7,79.8,130.2,82.9,127.6,81.8,132.9,82.2,130.1,80.5,117.2,75.1,103.1,77.4,125.6,74.2,135.5,76.7,113.1,102.5,128.1,102.5,113.4,93.0,116.4,88.1,126.4,93.2,123.9,88.2,118.2,82.0,123.1,82.4,120.0,90.2,111.9,81.0,130.7,82.0,120.2,104.7,120.3,101.9,120.8,101.0,121.1,98.4,C_2017-01-24-14-35-55-108.jpg
67.0,55.0,39.0,39.0,66.5,78.3,69.5,77.2,63.1,77.1,66.5,76.4,83.3,79.9,81.2,78.5,86.0,79.4,83.6,78.6,72.5,73.1,60.7,71.1,80.7,74.3,88.8,76.2,66.3,97.0,81.1,97.2,69.1,88.1,71.0,84.7,80.4,88.8,78.9,84.7,72.8,78.0,77.4,78.3,75.0,87.4,66.5,77.1,83.4,79.1,73.8,102.6,74.0,100.1,74.7,96.4,75.0,94.9,C_2017-01-10-13-19-35-428.jpg
54.0,67.0,41.0,41.0,78.4,66.5,81.3,65.0,75.2,65.4,78.2,64.7,96.8,65.5,93.9,64.8,100.0,64.2,96.6,63.8,80.7,57.2,70.5,58.9,89.6,56.6,104.5,57.8,82.0,84.8,96.4,84.2,81.8,76.5,83.6,71.9,93.7,76.1,91.2,71.8,84.8,65.5,89.9,65.1,86.0,74.4,78.1,65.5,96.4,64.7,89.0,86.9,88.6,84.4,88.2,83.9,88.2,82.3,C_2017-01-18-13-46-25-722.jpg
84.0,79.0,41.0,41.0,89.3,96.3,91.9,95.9,86.6,96.0,89.2,95.6,107.9,96.0,105.1,95.5,111.0,95.9,108.0,95.2,94.6,90.7,82.6,91.8,102.5,90.7,115.1,91.4,92.9,114.8,107.8,114.6,92.8,104.5,95.3,100.7,105.5,104.3,103.1,100.0,96.1,96.0,101.4,95.7,99.0,102.5,89.1,95.8,107.9,95.4,100.5,116.5,100.3,114.0,99.8,113.4,99.7,111.1,C_2017-01-24-14-55-35-958.jpg
54.0,67.0,43.0,43.0,78.9,67.4,81.8,66.4,76.3,65.8,79.6,64.5,98.6,67.4,95.3,66.7,101.4,65.8,98.2,64.6,81.8,58.3,71.7,58.6,91.8,57.7,106.3,58.4,80.3,86.2,95.4,86.4,82.2,77.9,83.9,73.4,93.8,78.1,92.2,74.0,85.7,66.8,90.7,66.8,86.8,76.5,79.5,65.6,98.1,65.5,87.6,89.3,87.6,86.8,87.7,85.9,87.8,83.7,C_2017-01-18-13-47-51-190.jpg
55.0,69.0,43.0,43.0,80.7,67.8,83.5,66.8,78.2,66.7,80.9,65.6,99.9,67.0,97.1,66.0,102.8,66.0,99.7,64.7,83.9,59.7,72.7,61.9,93.4,59.0,107.7,60.0,84.2,87.3,98.0,87.2,85.3,78.7,87.1,74.0,97.1,78.5,94.2,73.7,87.4,67.2,93.1,66.9,90.2,77.2,81.4,66.5,99.9,65.7,91.9,89.8,91.5,87.1,91.5,86.7,91.2,84.4,C_2017-01-18-13-47-00-888.jpg
56.0,77.0,46.0,46.0,89.4,69.3,92.1,68.3,86.5,68.3,89.4,67.4,108.8,69.0,106.1,67.9,111.6,67.5,108.9,66.7,93.3,61.0,80.5,61.3,104.1,60.9,115.4,61.3,93.0,92.1,106.4,91.5,92.6,81.3,95.6,76.7,106.4,82.4,104.2,76.9,96.8,68.6,102.1,68.5,99.9,79.9,90.4,68.2,109.1,67.5,99.7,92.3,99.8,90.3,99.8,91.8,100.0,90.0,C_2017-01-24-18-32-17-258.jpg
83.0,77.0,43.0,43.0,88.4,95.9,91.3,95.2,84.7,95.5,88.1,94.9,108.2,96.2,104.9,95.3,111.1,95.9,108.1,95.3,94.4,91.2,79.0,91.1,101.9,92.0,115.6,91.7,90.7,115.3,107.1,115.0,91.7,105.6,94.3,101.1,105.1,105.2,102.4,100.5,95.2,95.5,100.4,95.3,99.2,103.3,87.7,95.5,108.4,95.8,99.5,118.1,99.4,114.9,99.3,113.9,99.3,111.5,C_2017-01-24-14-54-35-783.jpg
71.0,94.0,45.0,45.0,106.5,84.9,109.1,84.0,103.5,83.6,106.7,82.1,128.3,84.7,125.1,83.9,130.6,83.6,128.0,82.3,111.9,78.8,99.2,77.6,121.4,78.3,134.8,77.6,108.3,105.0,124.7,105.6,109.6,95.5,112.6,90.4,123.4,96.4,120.1,90.7,113.7,84.9,119.6,84.9,116.1,93.4,107.0,84.0,127.8,84.1,116.0,108.3,116.1,106.0,116.4,105.0,116.6,102.7,C_2017-01-24-14-35-09-973.jpg
85.0,80.0,41.0,41.0,89.9,97.1,92.9,96.4,87.1,97.0,90.0,96.2,108.3,96.4,105.9,96.0,111.2,96.2,108.5,95.6,95.2,91.4,82.8,92.3,103.4,91.4,115.7,91.1,93.8,116.2,109.2,115.1,93.9,106.5,96.0,102.3,106.3,106.1,103.4,102.0,96.8,96.6,101.3,96.4,100.0,105.1,90.1,96.5,108.1,95.9,101.3,118.1,101.2,115.7,101.1,114.6,101.1,112.8,C_2017-01-24-14-55-20-888.jpg
66.0,52.0,42.0,42.0,64.3,77.7,67.4,77.7,61.4,76.0,64.6,75.9,82.9,80.7,79.5,79.0,86.3,80.0,83.1,78.7,71.6,73.1,59.1,71.2,78.2,74.9,89.3,77.2,64.0,96.7,81.5,97.4,66.9,87.9,68.8,84.5,78.6,89.6,77.1,84.7,70.4,78.3,76.0,78.9,73.2,87.6,63.7,76.8,82.9,79.9,72.2,103.0,72.5,99.6,72.9,96.5,73.1,94.7,C_2017-01-10-13-20-15-521.jpg
68.0,53.0,38.0,38.0,63.6,80.3,66.4,79.2,60.8,79.9,63.7,78.5,80.7,80.4,77.9,79.5,83.2,79.9,80.8,78.7,70.0,73.9,57.5,75.0,75.3,75.5,86.7,76.5,64.1,97.2,79.5,96.4,65.6,88.0,68.4,83.7,78.4,88.3,76.1,83.8,69.9,79.3,74.8,79.3,72.4,87.2,63.3,79.3,80.8,79.4,71.9,102.0,71.7,99.3,71.7,95.1,71.6,93.6,C_2017-01-10-13-20-20-546.jpg
55.0,68.0,42.0,42.0,79.8,67.7,82.7,67.1,77.2,66.4,80.4,65.7,99.3,67.5,95.9,66.6,102.3,66.3,99.2,65.1,82.4,59.5,71.3,60.0,91.5,58.9,106.9,58.4,82.8,87.2,97.7,87.2,83.2,79.0,85.3,74.5,95.2,78.6,92.6,74.2,85.8,67.6,91.2,67.3,87.5,77.4,80.7,66.5,98.9,66.2,89.4,89.9,89.2,87.1,89.4,86.6,89.2,84.2,C_2017-01-18-13-46-50-872.jpg
57.0,77.0,46.0,46.0,89.8,70.4,92.5,69.2,86.9,69.1,89.8,67.8,109.3,69.5,106.2,68.6,112.1,67.9,108.9,66.7,93.7,61.9,81.2,61.4,103.8,61.5,116.3,61.2,93.3,92.3,107.9,91.8,93.2,82.2,95.4,77.7,106.0,82.5,104.5,77.3,97.1,69.3,102.2,69.1,100.5,80.4,90.5,68.9,108.6,67.9,101.2,93.4,101.0,90.5,100.7,92.2,100.7,89.7,C_2017-01-24-18-33-02-872.jpg
87.0,75.0,37.0,37.0,84.6,97.9,87.0,97.1,81.8,97.9,84.5,96.6,100.8,96.5,98.0,96.0,103.2,95.5,100.4,94.6,87.8,92.2,79.8,94.2,95.6,91.2,107.2,92.3,87.6,114.7,100.2,113.8,87.4,106.6,89.2,102.3,98.9,105.1,96.2,101.5,90.1,96.5,93.8,96.1,92.0,105.1,84.5,97.2,100.6,95.6,93.4,116.8,93.5,115.2,93.5,112.6,93.3,111.2,C_2017-01-18-13-20-13-219.jpg
69.0,58.0,38.0,38.0,68.3,80.1,70.8,79.3,65.7,79.0,68.2,78.5,85.3,80.7,83.1,80.2,87.8,80.3,85.6,79.7,73.9,74.7,63.0,74.7,80.2,75.5,91.0,76.9,69.0,97.8,84.4,97.8,71.0,88.7,73.4,84.6,82.7,88.7,80.5,85.0,74.6,79.7,79.2,80.2,77.7,87.6,68.4,79.3,85.4,80.4,77.1,101.7,77.2,99.2,77.3,96.8,77.6,95.2,C_2017-01-10-13-18-55-220.jpg
55.0,67.0,46.0,46.0,79.0,68.3,82.4,67.4,76.0,67.4,78.7,65.8,99.7,67.7,96.5,67.2,103.3,66.7,99.5,65.6,84.5,61.7,73.4,62.3,92.9,61.8,105.7,61.9,80.6,88.8,98.6,88.3,82.9,80.3,85.2,74.9,97.1,79.1,95.1,74.7,86.6,68.0,92.3,67.8,90.1,78.6,79.6,67.1,99.0,66.7,90.2,91.6,90.1,88.8,90.3,87.7,89.9,85.8,C_2017-01-22-20-32-47-94.jpg
55.0,68.0,45.0,45.0,79.7,67.8,82.7,67.1,76.0,67.3,79.4,66.7,101.0,67.0,97.5,66.7,104.6,66.2,101.1,65.8,84.8,62.2,71.4,62.5,93.5,62.3,107.1,61.3,81.1,88.0,98.8,87.4,83.3,79.6,85.3,75.1,97.0,78.5,94.8,74.7,86.1,67.2,93.6,67.2,90.4,78.8,79.8,67.5,100.1,66.7,90.2,92.0,90.0,88.4,90.6,88.1,90.4,85.8,C_2017-01-22-20-32-57-107.jpg
55.0,69.0,43.0,43.0,80.2,67.6,83.3,66.6,77.4,66.4,80.8,65.5,100.1,67.3,97.0,66.6,103.1,66.0,99.8,65.7,83.5,59.1,72.2,59.3,93.6,58.1,106.5,57.9,83.4,87.3,98.9,87.3,84.0,78.1,86.5,73.7,95.8,78.8,93.6,74.0,87.5,67.1,91.9,67.1,89.1,77.1,81.1,66.4,100.2,66.4,90.8,89.8,90.4,87.3,90.5,86.3,90.4,84.2,C_2017-01-18-13-46-55-879.jpg
55.0,67.0,46.0,46.0,79.4,68.3,82.7,67.5,76.1,67.5,79.4,66.3,99.9,67.7,96.7,66.9,103.2,66.7,99.9,65.6,85.2,62.2,73.2,63.4,95.2,61.7,105.6,61.7,81.5,89.4,98.7,89.2,83.8,80.1,85.7,74.4,98.2,79.5,95.5,74.5,87.5,67.7,92.9,67.5,91.3,78.0,79.9,67.7,99.5,66.7,90.9,92.7,91.2,90.2,91.1,88.9,91.2,86.4,C_2017-01-22-20-32-12-6.jpg
57.0,77.0,46.0,46.0,89.7,69.7,92.1,68.7,87.2,68.9,89.6,67.6,109.1,68.7,106.2,68.1,112.0,67.8,109.1,66.5,94.2,62.2,81.0,62.4,102.9,61.2,116.1,62.4,93.8,92.8,106.8,92.1,92.5,82.0,94.3,77.1,106.3,82.1,103.9,76.8,96.3,68.9,102.0,68.9,98.9,80.7,90.4,68.5,109.0,67.6,99.8,93.4,99.7,90.6,100.2,92.7,100.0,90.1,C_2017-01-24-18-32-42-603.jpg
56.0,49.0,60.0,60.0,65.1,74.5,68.8,73.2,60.4,73.4,64.7,71.8,91.6,73.1,87.8,71.9,95.1,72.1,91.4,70.3,70.3,65.8,52.6,65.6,85.4,64.2,100.9,64.7,69.1,102.4,89.6,101.6,71.2,89.7,74.1,83.7,87.4,89.1,84.0,82.8,75.0,73.3,82.4,73.0,80.6,87.5,65.0,73.1,91.4,71.7,80.6,108.4,80.7,105.1,80.3,99.9,80.6,97.9,C_2017-01-24-20-35-23-598.jpg
41.0,66.0,40.0,40.0,75.8,54.7,78.3,53.9,73.1,54.3,75.8,53.4,94.3,52.4,90.8,52.0,97.1,51.3,93.7,50.4,81.3,47.9,70.4,48.4,87.6,46.3,99.4,44.5,79.6,72.1,95.2,70.4,80.3,63.6,81.4,59.5,91.2,62.8,89.4,58.4,81.9,53.7,87.3,53.1,85.1,62.0,76.5,53.8,94.7,51.5,85.9,74.6,85.7,71.8,85.8,70.8,85.9,68.5,C_2017-01-21-15-15-54-704.jpg
57.0,53.0,59.0,59.0,70.0,73.7,74.0,72.1,65.8,71.9,70.1,70.7,96.3,74.3,92.6,72.4,100.2,72.8,96.2,71.0,77.7,65.2,61.4,64.6,90.1,63.7,105.8,65.1,71.9,100.8,91.5,102.6,74.2,88.2,77.5,82.7,91.3,89.5,89.1,83.5,79.8,72.4,87.4,72.5,83.2,88.0,70.0,72.3,95.6,72.7,81.6,105.8,81.8,102.4,81.7,100.5,81.6,97.6,C_2017-01-24-20-33-57-988.jpg
86.0,76.0,36.0,36.0,85.3,96.4,87.7,96.0,82.7,96.1,85.1,95.6,101.0,95.3,98.5,95.2,103.6,94.8,100.8,94.7,90.3,91.2,78.5,92.4,95.9,91.1,107.0,91.2,88.5,113.9,100.4,112.9,88.2,105.6,90.2,101.2,99.8,104.6,97.2,101.0,90.6,95.7,95.8,95.4,94.1,103.6,85.6,96.0,100.8,95.1,94.8,115.4,94.7,113.0,94.9,112.7,94.7,110.5,C_2017-01-18-13-19-02-962.jpg
57.0,77.0,46.0,46.0,89.3,69.8,92.3,68.8,86.3,68.6,89.7,67.7,109.0,69.1,106.1,68.3,111.6,68.0,108.9,66.8,93.5,61.8,80.2,61.2,104.0,61.0,115.7,61.3,92.5,92.0,106.8,91.8,93.2,82.2,95.8,77.0,105.6,83.0,103.5,77.0,96.6,69.3,102.3,69.0,99.3,80.2,90.7,68.5,108.9,67.8,100.1,94.0,100.0,90.9,99.7,92.2,99.8,88.9,C_2017-01-24-18-32-47-660.jpg
69.0,51.0,59.0,59.0,66.3,86.2,70.5,85.0,62.0,85.7,66.1,83.7,92.9,84.4,88.7,84.0,96.4,83.2,92.4,82.2,74.1,79.7,55.1,81.2,83.1,79.6,101.6,76.4,69.2,113.3,92.1,111.3,71.4,100.5,74.3,93.9,89.3,99.0,85.1,93.0,75.2,86.1,82.4,85.7,80.9,99.8,66.2,85.7,92.6,83.7,82.2,117.3,81.6,114.7,81.7,111.5,81.6,109.5,C_2017-01-23-16-13-02-418.jpg
86.0,81.0,37.0,37.0,91.0,96.9,93.5,96.1,88.0,96.7,90.8,95.7,107.5,95.2,105.1,95.1,110.0,94.7,107.4,93.8,96.2,91.0,85.7,92.5,100.7,91.1,112.4,90.5,94.1,114.1,106.3,113.2,94.2,105.0,96.5,100.7,105.9,104.3,103.3,100.3,97.3,95.9,101.7,95.5,100.0,103.8,90.6,96.3,106.8,94.6,101.6,115.2,101.4,113.0,100.7,111.7,100.6,110.0,C_2017-01-18-13-18-57-953.jpg
53.0,81.0,40.0,40.0,90.7,66.0,93.5,65.2,88.3,65.4,91.0,64.0,107.9,64.4,105.5,64.0,110.7,63.8,107.9,62.5,97.2,59.8,84.1,61.8,104.0,58.6,113.0,59.0,94.6,84.4,107.2,83.6,95.4,73.8,97.7,70.1,106.9,73.8,105.0,70.0,98.7,65.0,103.2,64.5,102.1,71.7,91.6,64.8,108.8,63.6,101.6,85.5,101.7,83.1,101.7,82.6,102.0,80.8,C_2017-01-24-18-13-03-887.jpg
83.0,76.0,42.0,42.0,86.9,95.3,89.8,95.0,83.5,95.1,86.9,94.6,105.9,95.2,103.2,94.6,108.7,95.0,106.2,94.6,91.6,90.0,78.2,90.3,100.2,90.6,112.9,89.8,89.3,115.1,104.4,114.2,90.5,104.8,92.7,100.0,102.9,103.9,100.0,99.4,93.5,95.5,98.4,95.3,96.6,102.8,86.8,94.8,106.3,94.9,97.6,117.5,97.3,114.8,97.0,113.1,97.0,111.4,C_2017-01-24-14-54-20-746.jpg
61.0,49.0,56.0,56.0,64.0,78.1,67.8,76.7,60.1,77.6,63.8,77.1,90.2,77.4,86.5,76.2,94.2,76.2,90.4,76.0,70.8,71.7,55.7,71.6,83.7,71.3,99.7,70.3,66.1,103.1,89.7,102.4,68.4,91.4,72.1,85.2,86.6,91.1,82.9,85.1,74.6,78.1,79.0,77.7,76.7,91.0,64.5,78.0,90.3,76.5,77.2,107.1,77.3,104.1,77.4,100.9,77.6,99.6,C_2017-01-23-16-14-17-748.jpg
86.0,72.0,37.0,37.0,81.6,97.9,84.3,97.0,78.8,97.7,81.6,96.8,98.4,95.9,96.2,95.5,101.0,95.3,98.4,94.6,86.4,92.1,75.8,94.4,93.0,91.2,103.6,92.1,85.7,114.8,97.8,114.1,85.3,105.9,87.2,102.0,97.2,104.5,94.2,101.4,87.8,96.9,93.0,96.1,90.8,103.8,81.7,97.6,97.9,95.4,91.9,115.7,91.7,113.1,91.8,112.9,91.2,110.9,C_2017-01-18-13-19-53-90.jpg
58.0,77.0,47.0,47.0,90.2,70.6,93.2,69.6,86.7,69.2,90.2,68.6,110.5,69.9,107.6,69.1,113.5,68.6,110.4,67.5,94.4,62.6,82.8,63.8,104.4,63.1,116.3,62.6,94.1,93.7,107.2,93.4,93.5,83.4,96.0,78.4,107.0,83.7,105.5,78.4,97.4,70.1,103.6,69.9,101.0,81.4,90.8,69.7,110.3,68.8,100.4,94.7,100.2,91.6,100.3,93.9,100.4,91.0,C_2017-01-24-18-31-46-841.jpg
56.0,54.0,61.0,61.0,71.7,73.4,75.7,72.1,68.1,71.5,72.3,70.0,99.1,74.3,94.4,72.7,103.3,72.9,98.7,70.6,78.3,65.0,64.6,66.1,90.5,64.7,107.0,65.9,73.0,100.9,93.0,103.2,74.6,86.2,76.9,81.2,91.0,89.5,90.0,82.0,80.3,72.5,89.4,72.7,83.3,85.8,72.1,71.8,98.7,72.3,82.4,107.5,82.6,103.2,82.5,101.1,82.6,97.3,C_2017-01-24-20-33-27-784.jpg
70.0,56.0,38.0,38.0,66.1,80.6,68.6,79.9,63.5,79.9,66.0,79.6,83.7,81.2,81.3,80.5,86.3,80.9,83.8,80.4,71.6,75.8,60.9,75.5,78.4,76.1,89.6,76.3,68.2,98.4,81.9,98.0,69.2,90.1,71.7,86.1,81.1,89.8,79.2,86.1,72.5,80.6,77.1,80.6,75.6,88.7,66.2,80.1,84.2,81.0,75.1,101.9,74.9,99.6,75.6,97.1,75.7,95.4,C_2017-01-10-13-19-30-416.jpg
68.0,62.0,37.0,37.0,72.3,78.1,75.1,77.8,69.6,77.5,72.2,76.6,88.5,79.9,86.4,79.1,90.9,79.8,88.6,78.7,77.8,73.3,65.7,73.1,84.6,74.2,94.4,76.1,71.6,94.6,87.0,96.2,75.0,86.2,77.8,83.0,86.1,87.2,84.0,84.0,78.8,78.6,83.1,79.0,81.9,85.6,72.4,77.6,88.5,79.5,80.2,98.3,80.4,95.9,80.3,94.5,80.2,93.2,C_2017-01-10-13-18-40-100.jpg
55.0,46.0,60.0,60.0,62.8,72.9,66.1,71.6,58.8,72.0,62.1,70.1,89.2,71.0,84.7,70.3,93.8,69.4,88.9,67.9,67.0,62.8,54.0,66.5,82.4,60.7,100.1,63.1,66.8,100.2,87.0,99.8,66.1,86.9,68.9,80.5,83.2,86.6,80.5,80.3,71.1,72.0,78.5,71.6,73.7,85.1,63.2,71.6,89.3,69.5,75.8,103.2,75.6,100.3,75.6,98.3,75.2,95.9,C_2017-01-24-20-34-43-300.jpg
61.0,49.0,56.0,56.0,63.9,77.8,66.5,76.1,60.3,77.3,63.5,76.5,89.2,75.9,85.4,75.6,92.5,74.5,89.1,74.8,69.3,70.2,54.8,71.5,82.9,69.3,100.2,69.9,67.7,103.5,88.1,101.2,67.5,91.4,72.0,84.6,86.2,89.5,81.5,83.5,72.5,77.2,79.9,76.8,76.8,89.1,62.8,77.0,88.3,75.2,76.9,103.7,77.0,100.8,77.2,102.0,77.2,99.5,C_2017-01-23-16-13-47-617.jpg
56.0,53.0,60.0,60.0,70.7,73.5,74.8,72.4,67.0,71.6,70.7,70.6,97.8,74.2,94.3,72.4,102.0,73.2,98.1,71.1,77.7,64.0,61.4,63.9,90.5,64.3,109.1,65.4,73.2,100.9,92.5,102.4,75.3,88.4,78.0,81.9,91.2,88.4,89.0,81.9,79.7,72.7,86.8,72.6,82.8,86.3,70.4,71.8,97.7,72.3,81.4,106.5,81.4,102.9,82.1,100.8,82.1,98.3,C_2017-01-24-20-33-42-918.jpg
40.0,66.0,39.0,39.0,77.5,52.0,80.1,51.0,74.9,51.1,77.5,50.3,95.2,51.9,92.4,50.9,98.1,51.0,95.2,50.0,81.9,43.9,71.6,45.1,90.4,43.8,101.7,44.7,78.5,69.7,92.9,69.8,80.1,59.8,81.5,56.4,91.8,60.5,89.9,56.4,83.6,51.2,88.7,51.0,85.9,58.4,77.5,50.9,95.2,50.8,85.6,72.3,85.5,70.2,85.6,68.0,85.4,66.3,C_2017-01-21-15-14-59-278.jpg
69.0,56.0,39.0,39.0,66.8,80.4,69.3,79.9,64.1,79.9,66.8,79.5,84.7,80.9,81.9,80.4,87.4,80.6,84.7,80.0,72.4,75.8,60.5,75.7,79.9,75.6,92.0,76.7,67.2,99.1,82.4,98.3,69.7,89.0,72.0,84.7,81.4,88.5,79.1,85.1,72.6,80.4,77.9,80.5,75.5,87.9,67.1,80.0,84.8,80.4,74.4,102.2,74.6,99.1,75.1,97.4,75.2,95.6,C_2017-01-10-13-19-20-400.jpg
54.0,71.0,46.0,46.0,82.5,68.0,85.9,66.5,78.8,66.9,82.4,65.8,103.2,67.7,99.7,66.5,106.7,66.3,103.2,65.6,87.3,61.5,75.9,62.0,96.4,61.2,108.8,60.6,84.4,88.4,102.0,88.4,87.0,79.0,88.9,73.8,100.2,78.9,98.2,73.6,89.2,66.8,96.0,66.7,94.6,77.6,83.1,66.8,102.8,66.8,94.1,91.6,93.9,88.2,94.3,87.9,94.1,85.1,C_2017-01-22-20-31-56-967.jpg
83.0,75.0,42.0,42.0,86.2,95.2,89.2,94.8,83.5,95.0,86.3,94.8,107.0,95.7,103.7,95.2,110.5,95.5,107.1,95.1,92.0,89.6,77.9,89.9,100.3,91.1,114.8,90.7,87.9,114.4,104.0,114.7,89.3,104.6,92.0,100.2,103.3,104.5,101.2,100.5,94.2,95.1,99.5,95.2,96.2,102.2,87.2,94.9,106.9,95.2,95.9,117.5,96.0,114.4,96.1,113.2,96.2,110.9,C_2017-01-24-14-54-30-774.jpg
69.0,56.0,39.0,39.0,66.2,80.3,68.3,79.6,63.7,79.3,66.2,78.6,83.4,80.1,81.0,79.7,85.8,79.9,83.6,79.6,72.0,76.0,60.3,74.8,77.8,76.0,89.1,76.9,66.9,97.7,82.9,97.9,68.9,89.0,71.4,85.2,81.3,89.6,79.1,85.8,72.7,80.4,77.6,80.3,74.9,88.5,66.5,79.5,83.2,79.9,75.7,101.1,75.6,98.2,75.6,97.2,75.6,95.4,C_2017-01-10-13-19-40-436.jpg
83.0,78.0,41.0,41.0,88.3,95.1,90.7,93.9,85.3,94.7,88.1,93.8,107.5,95.2,104.9,94.2,110.6,95.1,107.6,94.1,93.4,89.3,82.4,90.0,102.7,89.8,115.8,90.5,91.7,113.7,105.0,114.2,91.4,104.1,94.1,99.7,104.1,103.7,102.1,99.6,94.8,94.5,100.3,94.6,97.8,102.2,88.1,94.4,107.8,94.7,98.8,116.4,98.7,113.6,98.2,111.9,98.0,110.1,C_2017-01-24-14-53-55-673.jpg
69.0,99.0,44.0,44.0,111.0,81.6,113.7,80.9,108.3,80.7,111.3,79.6,130.8,82.5,127.1,81.2,133.9,81.7,130.5,80.5,115.9,74.3,103.6,74.5,125.9,74.0,136.6,76.2,112.9,102.1,127.2,103.0,113.8,93.1,116.7,88.4,127.1,93.6,124.8,88.6,117.5,81.7,123.4,81.9,121.1,89.9,111.3,80.3,131.3,81.0,119.7,105.2,120.0,102.0,120.7,101.7,120.7,98.5,C_2017-01-24-14-35-35-13.jpg
53.0,81.0,40.0,40.0,91.6,65.6,93.7,64.7,88.9,65.1,91.6,63.6,107.9,64.4,105.2,63.9,110.4,63.8,107.7,62.6,97.0,59.5,84.0,61.2,104.0,59.4,113.0,59.6,94.0,84.1,107.6,83.8,95.4,74.4,97.2,70.4,106.7,74.2,104.5,69.3,98.4,64.1,102.4,64.1,102.3,71.7,91.0,64.9,107.5,63.5,101.5,86.6,101.5,83.7,101.6,82.5,101.5,80.3,C_2017-01-24-18-13-14-32.jpg
70.0,95.0,46.0,46.0,106.3,83.1,109.2,82.5,104.1,81.4,107.0,80.1,128.7,83.7,125.3,83.0,131.7,82.5,128.4,80.6,112.6,76.8,97.4,76.2,123.6,76.2,137.0,76.0,109.9,104.1,126.5,104.4,111.1,94.9,113.6,89.9,124.4,95.1,121.9,90.5,114.8,83.7,119.7,84.0,118.1,93.6,107.3,81.7,127.8,82.2,117.8,107.0,117.8,104.6,118.1,103.6,118.0,101.4,C_2017-01-24-14-34-24-691.jpg
72.0,94.0,44.0,44.0,106.5,85.3,109.7,84.4,103.3,83.8,106.6,82.3,127.3,85.4,124.1,84.8,130.2,84.7,127.2,83.4,111.9,77.8,100.6,77.1,122.5,77.4,134.5,78.5,107.9,105.4,124.3,105.5,110.2,96.0,112.4,92.2,123.9,96.0,120.4,91.6,114.1,85.4,119.8,85.5,117.3,94.5,106.5,84.2,126.6,84.6,116.7,108.6,116.8,105.8,117.3,104.9,117.5,103.1,C_2017-01-24-14-35-04-963.jpg
69.0,100.0,44.0,44.0,112.3,80.8,115.3,80.6,109.8,80.2,112.2,79.0,130.7,81.8,128.0,80.6,133.7,81.3,130.9,79.2,117.5,74.1,105.0,75.7,127.0,73.9,139.6,78.5,113.6,102.0,128.0,103.1,114.6,92.0,117.3,87.2,128.1,92.2,124.7,87.4,118.7,81.1,124.2,81.6,121.7,90.1,112.9,80.3,130.9,80.6,121.5,105.5,121.7,102.7,121.7,101.6,121.7,98.5,C_2017-01-24-14-35-45-58.jpg
43.0,65.0,40.0,40.0,75.4,56.5,78.0,55.3,72.1,56.5,74.7,54.6,92.9,53.5,90.4,53.1,95.5,52.6,92.7,51.5,79.1,48.6,67.4,51.3,87.0,47.5,99.4,46.1,79.0,74.0,93.8,72.4,79.2,64.9,80.9,60.8,92.2,64.1,89.3,59.2,81.6,55.1,86.1,53.8,86.1,63.0,75.5,55.4,92.7,52.5,86.5,76.0,86.3,73.7,86.4,71.9,86.4,70.4,C_2017-01-21-15-16-09-727.jpg
56.0,77.0,47.0,47.0,90.9,70.3,94.1,69.5,87.6,69.0,90.5,67.4,110.7,69.8,107.2,68.9,113.5,68.1,109.9,66.8,94.6,61.9,81.6,62.0,104.1,61.8,116.2,62.6,93.0,92.9,108.4,92.7,93.7,82.3,96.0,77.3,106.8,82.9,104.3,76.9,97.3,70.1,102.9,69.6,100.4,80.4,91.5,68.7,109.8,68.1,100.2,93.7,100.2,91.4,100.0,91.6,100.4,89.3,C_2017-01-24-18-31-36-699.jpg
59.0,53.0,60.0,60.0,69.6,75.5,73.7,74.0,65.4,73.8,69.2,72.2,96.0,76.1,92.0,74.8,100.1,75.0,96.3,72.9,76.0,65.7,62.2,66.2,89.4,66.7,103.5,66.1,72.2,103.3,91.4,104.1,74.2,91.3,76.5,85.2,90.4,91.8,88.6,84.9,78.8,74.2,86.2,74.5,83.3,89.7,69.7,73.6,96.0,74.5,80.1,108.4,80.5,105.0,80.7,102.7,81.0,100.1,C_2017-01-24-20-34-28-213.jpg
65.0,56.0,42.0,42.0,68.3,75.6,71.4,75.8,65.3,74.4,69.2,73.6,87.1,80.0,84.1,78.7,90.1,80.3,88.2,77.9,73.7,70.7,61.1,69.7,82.6,74.4,97.2,78.1,66.2,93.0,86.7,96.1,69.6,86.4,73.2,83.5,83.9,88.6,81.0,83.9,74.7,77.6,79.8,78.4,77.7,87.6,68.6,74.7,87.7,79.2,75.8,99.8,76.4,97.3,77.2,94.9,77.5,93.4,C_2017-01-10-13-19-05-329.jpg
56.0,47.0,58.0,58.0,62.8,73.5,66.4,72.1,58.6,72.6,62.2,71.0,89.8,71.4,85.6,70.9,94.3,70.3,89.5,68.9,67.7,63.5,53.9,65.0,82.0,61.6,100.1,61.6,67.9,100.0,87.2,99.4,68.4,88.3,70.0,81.2,84.7,86.7,81.2,79.9,70.7,72.0,79.5,71.1,75.3,85.6,62.8,72.6,89.9,70.4,77.2,102.7,76.6,99.5,76.7,98.9,76.4,96.0,C_2017-01-24-20-34-53-428.jpg
69.0,99.0,43.0,43.0,110.6,82.2,112.9,81.6,107.7,81.6,110.4,80.5,130.7,82.3,127.4,82.1,133.5,81.5,130.3,80.7,116.4,74.1,102.9,74.7,126.5,74.0,138.7,75.3,112.3,101.7,127.0,102.2,113.7,92.5,116.8,88.0,127.2,93.2,124.3,87.8,118.3,82.2,123.3,82.4,121.3,90.5,110.9,81.3,131.5,81.5,119.7,104.9,119.6,102.0,120.4,101.7,120.5,99.6,C_2017-01-24-14-35-40-52.jpg
41.0,66.0,41.0,41.0,76.0,54.6,78.5,53.5,72.8,54.5,75.3,52.9,93.8,52.2,91.0,51.9,96.0,51.6,93.5,50.5,80.0,47.2,70.7,48.5,88.0,45.9,99.0,44.3,80.6,73.3,94.2,71.2,80.8,63.2,82.1,58.9,91.7,62.0,89.9,57.9,82.2,53.9,87.4,52.9,85.5,61.4,76.7,53.4,94.4,51.2,87.0,74.9,86.7,72.3,86.4,70.4,86.4,68.2,C_2017-01-21-15-15-49-648.jpg
85.0,75.0,38.0,38.0,85.0,96.2,87.6,95.5,82.4,95.9,85.0,95.6,102.3,95.5,99.8,95.0,105.1,94.9,102.3,94.6,89.8,90.7,79.3,91.6,96.7,90.6,107.5,89.9,87.9,114.0,101.3,113.9,89.0,104.7,90.3,100.9,100.7,104.4,97.6,100.4,90.9,95.7,95.2,95.1,94.6,103.4,84.9,96.1,102.3,95.1,94.0,115.9,93.8,113.5,94.2,111.9,94.2,109.8,C_2017-01-18-13-19-18-34.jpg
55.0,68.0,42.0,42.0,79.4,67.7,82.6,66.8,76.5,66.6,79.7,65.7,98.6,67.2,95.4,66.5,101.5,66.0,98.6,65.6,83.2,58.0,70.9,59.8,92.6,57.8,106.4,57.4,82.1,87.2,96.9,86.6,83.2,78.8,85.0,74.2,95.4,78.0,93.5,73.8,86.5,67.0,91.1,66.7,88.6,76.4,79.6,66.5,97.9,66.0,89.4,88.9,89.2,86.4,88.8,86.1,88.7,84.2,C_2017-01-18-13-46-45-815.jpg
57.0,77.0,46.0,46.0,90.6,69.6,93.1,68.6,87.3,68.8,90.2,67.4,109.0,69.0,106.0,68.5,111.7,68.1,109.0,66.7,94.0,61.9,80.4,61.1,103.4,61.7,115.5,62.1,92.7,92.3,106.8,92.3,93.0,82.2,95.8,78.0,106.4,82.6,103.8,77.5,96.5,69.4,102.6,69.1,99.8,80.3,90.3,68.6,108.1,68.2,100.2,94.6,100.0,91.5,100.0,92.5,100.2,89.7,C_2017-01-24-18-32-57-800.jpg
55.0,69.0,42.0,42.0,80.9,67.9,83.8,66.7,77.6,66.9,80.9,66.4,100.8,67.1,97.2,66.4,104.1,66.0,100.6,65.8,84.3,57.9,71.7,59.8,94.8,57.2,108.7,58.4,83.7,86.9,98.4,86.6,84.6,78.2,87.7,72.8,97.1,77.9,94.8,72.9,88.0,66.9,93.6,66.9,90.6,76.8,80.5,67.0,100.5,66.4,91.5,89.5,91.4,86.6,91.0,86.0,91.0,84.1,C_2017-01-18-13-47-05-896.jpg
71.0,94.0,46.0,46.0,107.3,84.4,109.5,82.8,104.5,83.3,106.7,81.3,128.0,84.3,124.4,83.0,131.2,83.1,127.8,81.5,112.2,77.8,98.8,77.4,120.9,77.2,135.7,76.4,108.2,104.8,124.2,105.1,110.3,95.5,112.7,90.9,123.4,96.0,120.7,90.8,113.8,84.0,118.9,84.0,117.0,94.5,107.4,82.9,127.4,82.8,116.9,108.4,116.6,106.1,116.9,104.4,117.0,102.2,C_2017-01-24-14-34-44-850.jpg
69.0,56.0,38.0,38.0,66.5,79.6,69.2,78.9,63.7,78.8,66.6,78.6,83.6,80.5,81.2,79.5,86.2,79.7,83.7,79.6,72.7,74.0,61.4,72.6,79.5,74.8,91.2,75.9,67.0,97.7,80.9,97.8,68.8,88.1,70.9,84.1,80.6,89.0,78.6,85.0,72.8,79.1,77.8,79.3,74.0,87.8,66.7,79.4,83.5,79.9,73.6,100.2,74.0,98.0,74.3,96.4,74.4,94.9,C_2017-01-10-13-19-45-473.jpg
88.0,55.0,39.0,39.0,65.0,99.7,67.9,98.7,62.2,99.4,65.1,98.3,81.3,97.9,78.9,97.5,83.7,97.3,81.3,96.7,70.6,95.0,58.3,96.2,77.0,94.4,85.7,93.2,67.4,119.2,79.6,117.5,70.1,109.8,71.9,105.7,80.6,108.6,78.7,104.8,72.1,99.0,76.8,98.4,78.1,107.8,66.0,98.8,82.1,97.4,75.7,118.2,75.7,116.3,76.1,116.8,76.1,115.2,C_2017-01-10-13-18-35-58.jpg
55.0,67.0,43.0,43.0,78.4,68.5,81.7,67.4,75.4,67.4,78.7,66.6,98.3,67.4,95.2,66.7,101.2,66.1,98.3,65.7,82.2,58.3,71.1,60.1,91.2,58.0,106.9,58.9,81.9,88.1,97.1,87.5,82.4,80.0,84.3,74.6,94.6,79.3,91.9,74.2,85.6,67.4,90.5,67.3,87.5,77.7,79.0,67.3,98.1,66.2,88.9,89.8,88.6,87.1,88.3,87.2,88.1,85.3,C_2017-01-18-13-47-36-104.jpg
40.0,63.0,38.0,38.0,71.8,53.6,74.0,52.6,69.3,53.1,71.3,52.0,89.0,50.3,86.3,49.9,91.4,49.2,88.7,48.5,76.2,46.2,64.3,48.7,83.4,44.2,95.5,43.2,76.2,70.3,90.7,67.9,75.4,61.1,77.1,57.4,87.9,59.5,84.9,56.0,77.7,52.1,82.8,51.2,80.7,59.4,72.3,52.9,89.2,49.5,82.9,71.6,82.7,68.5,83.0,68.4,82.7,65.8,C_2017-01-21-15-15-39-564.jpg
40.0,67.0,39.0,39.0,78.1,50.7,80.7,50.2,75.4,49.8,78.1,48.7,95.9,51.2,92.9,50.6,99.1,50.8,95.9,49.5,83.7,43.9,72.8,43.1,91.7,44.1,102.4,44.7,79.1,69.1,92.3,69.7,80.4,59.8,82.5,55.7,91.7,60.2,90.0,56.1,84.5,50.6,89.3,50.8,85.2,58.5,79.0,49.9,96.6,50.7,84.7,72.6,84.7,69.6,84.8,67.2,84.9,65.5,C_2017-01-21-15-14-54-205.jpg
86.0,75.0,37.0,37.0,84.2,97.2,86.8,96.0,81.1,97.0,84.0,95.8,101.3,96.0,98.5,95.4,103.8,95.3,101.3,94.6,89.9,90.8,77.4,92.5,96.2,90.1,106.5,90.2,87.1,114.1,100.1,112.9,87.1,104.8,89.0,101.4,99.7,104.2,97.0,101.0,90.3,96.0,95.1,95.6,93.6,103.2,84.3,96.7,101.0,95.4,93.9,115.6,93.8,112.7,93.6,112.5,93.6,110.0,C_2017-01-18-13-19-08-2.jpg
55.0,69.0,45.0,45.0,81.1,68.7,84.0,67.7,77.8,67.7,81.1,66.8,101.8,67.9,99.0,67.3,104.6,66.9,101.9,65.9,87.0,62.5,75.3,63.0,95.4,62.3,107.4,62.7,81.7,88.5,99.9,88.0,84.0,78.9,86.1,75.0,98.2,78.7,96.3,74.6,88.4,68.2,94.5,68.0,92.2,78.4,81.4,67.8,101.0,67.0,91.4,91.9,91.2,89.6,91.2,88.1,91.1,86.2,C_2017-01-22-20-32-42-84.jpg
68.0,55.0,40.0,40.0,65.6,79.7,68.3,78.9,62.7,79.5,65.4,78.6,85.7,80.2,82.2,79.3,88.9,79.1,85.6,79.1,71.8,74.1,59.7,74.8,78.8,75.9,92.9,76.0,65.8,96.9,83.1,96.4,68.9,88.0,70.3,85.0,81.4,88.3,78.9,84.5,72.3,79.2,77.6,79.3,75.2,87.7,65.2,79.2,85.0,79.5,75.3,101.3,75.2,98.1,75.0,96.0,74.9,94.3,C_2017-01-10-13-19-50-480.jpg
36.0,84.0,37.0,37.0,93.7,47.6,96.3,46.8,90.4,47.0,93.7,45.9,110.3,47.4,107.9,46.8,112.6,46.7,110.4,45.9,97.3,40.1,86.9,40.7,107.4,40.1,115.5,41.3,94.2,64.1,108.8,64.7,97.1,56.0,99.7,52.4,107.9,56.2,105.4,52.2,100.3,47.3,103.7,47.1,103.0,54.8,94.3,46.8,110.6,46.9,101.4,68.0,101.7,66.2,102.3,62.2,102.7,61.4,C_2017-01-24-17-40-25-437.jpg
50.0,82.0,39.0,39.0,92.0,62.1,94.7,61.2,89.6,61.5,92.2,60.5,109.2,61.7,106.9,61.1,112.0,60.9,109.4,59.7,97.0,57.1,85.5,56.3,104.8,55.8,115.0,56.4,93.9,78.8,108.5,80.0,95.3,70.8,97.4,66.6,106.1,70.5,104.1,66.1,98.3,61.2,102.7,61.0,101.3,68.6,92.1,61.4,109.7,60.5,100.4,81.6,100.4,79.0,100.7,78.5,100.7,77.2,C_2017-01-24-18-13-29-234.jpg
61.0,43.0,58.0,58.0,58.4,79.3,62.7,78.0,53.4,78.1,58.3,76.4,84.9,76.8,80.4,76.3,89.1,74.9,84.5,74.6,64.3,71.8,47.9,71.4,78.3,70.7,95.9,67.7,62.6,104.8,86.8,101.6,63.1,93.1,67.2,86.6,82.0,90.8,77.1,86.2,68.4,78.0,74.9,77.7,71.5,91.7,57.0,78.3,83.6,76.1,73.8,107.0,73.5,104.5,73.2,102.9,73.3,100.6,C_2017-01-23-16-15-02-831.jpg
57.0,77.0,46.0,46.0,89.8,70.1,92.3,69.4,87.1,69.0,89.8,68.4,109.7,69.4,106.9,68.6,112.2,68.0,109.2,66.7,94.0,62.0,82.9,62.0,104.2,61.9,115.9,62.4,94.0,92.4,107.6,91.9,93.7,82.1,95.6,77.4,105.9,82.2,104.2,77.0,96.6,69.7,101.7,69.2,100.3,80.6,90.4,69.2,109.1,68.0,100.6,93.5,100.4,91.0,100.8,92.3,100.8,90.1,C_2017-01-24-18-33-07-945.jpg
86.0,76.0,37.0,37.0,85.9,97.4,88.1,96.5,83.2,97.1,85.8,95.9,102.5,96.1,100.1,95.8,104.3,95.5,102.4,94.7,92.8,92.2,79.3,93.8,97.3,91.4,107.3,92.1,88.7,114.7,101.5,113.8,89.3,105.9,91.2,102.0,100.9,104.9,97.9,101.2,91.8,96.6,96.6,96.3,95.4,104.1,86.1,96.6,102.3,95.3,95.7,115.7,95.3,113.9,95.4,112.5,95.5,111.1,C_2017-01-18-13-19-33-59.jpg
36.0,83.0,38.0,38.0,93.7,46.4,96.6,45.8,90.5,45.7,93.6,45.0,110.4,46.9,107.8,46.4,113.2,46.7,110.5,45.6,98.0,41.3,87.1,42.6,107.5,41.4,116.0,43.6,94.7,63.8,108.5,64.2,97.2,55.1,99.8,52.1,107.2,55.3,105.7,51.8,100.9,46.3,103.9,46.6,104.0,54.1,93.4,45.8,110.3,46.3,101.9,66.6,102.2,64.5,102.5,61.9,102.7,60.4,C_2017-01-24-17-40-35-454.jpg
58.0,51.0,59.0,59.0,68.5,74.9,72.2,73.3,64.7,72.7,68.8,71.5,94.6,75.2,90.5,74.0,98.5,73.6,94.4,71.9,74.4,64.9,60.6,65.6,89.0,64.5,105.0,65.6,69.5,101.7,88.5,103.3,72.7,89.8,75.7,83.7,88.6,90.1,86.5,83.0,76.6,73.8,85.0,74.0,82.2,88.0,68.4,72.7,94.3,73.6,79.4,107.4,79.6,103.6,80.1,101.7,80.1,98.7,C_2017-01-24-20-34-08-9.jpg
71.0,52.0,60.0,60.0,67.2,89.2,71.6,87.8,63.3,88.0,67.1,87.0,94.8,87.8,90.6,87.2,97.8,85.9,94.5,86.0,74.1,83.9,55.4,84.9,85.3,84.3,104.0,81.3,69.9,115.2,94.7,114.6,71.1,103.8,75.4,98.0,91.0,102.4,86.2,97.2,76.5,88.4,84.0,88.3,81.3,104.7,68.1,88.1,95.1,86.7,81.8,119.8,81.7,117.0,81.9,115.0,81.7,113.0,C_2017-01-23-16-13-12-436.jpg
37.0,84.0,36.0,36.0,93.5,48.2,96.3,47.1,90.1,47.3,93.6,46.5,109.6,47.7,107.1,47.0,111.8,47.3,109.6,46.3,97.4,40.5,86.0,43.9,106.6,40.1,113.5,41.1,94.9,64.1,109.5,64.5,96.9,55.3,99.1,51.5,107.9,55.8,105.6,51.5,100.2,46.8,103.8,46.9,103.8,54.1,93.6,47.7,109.9,47.4,104.0,69.4,103.8,67.0,103.4,62.5,103.5,60.8,C_2017-01-24-17-40-00-283.jpg
55.0,67.0,46.0,46.0,79.0,68.3,81.8,67.3,75.9,67.5,78.9,66.6,99.9,67.6,97.2,67.2,102.4,66.5,99.7,65.9,85.4,62.2,73.8,62.3,93.3,62.1,106.4,62.0,80.8,89.5,99.2,88.1,82.6,80.2,84.6,74.8,97.4,78.6,95.0,74.1,86.0,68.2,93.3,68.3,89.8,78.8,79.1,67.6,99.1,67.1,90.4,92.8,90.5,89.8,90.5,88.5,90.5,86.4,C_2017-01-22-20-32-32-71.jpg
40.0,67.0,39.0,39.0,77.8,51.4,80.1,50.9,75.0,51.1,77.7,49.7,95.8,51.4,93.0,50.5,98.7,50.8,96.0,49.4,83.8,44.6,72.0,45.4,91.0,44.1,102.1,45.2,78.5,69.5,92.9,69.4,80.2,60.7,82.8,56.8,92.5,61.2,90.2,56.5,84.4,50.9,88.9,50.9,86.1,59.3,78.5,50.6,95.5,50.4,85.1,72.8,85.1,70.5,85.5,67.6,85.6,65.8,C_2017-01-21-15-14-34-45.jpg
53.0,68.0,42.0,42.0,78.9,65.5,81.8,64.5,76.3,64.4,79.2,63.6,98.2,65.4,95.7,64.7,100.9,64.1,98.1,63.5,82.8,56.9,71.6,57.4,91.3,56.6,105.4,56.3,82.4,85.3,96.4,85.1,82.9,76.3,85.2,71.8,95.1,76.1,92.8,71.7,86.0,65.7,91.2,65.5,88.0,74.5,79.8,64.4,98.1,64.5,89.2,86.5,89.1,84.1,88.9,83.9,88.8,81.6,C_2017-01-18-13-46-10-650.jpg
54.0,70.0,44.0,44.0,81.1,67.9,84.2,66.4,78.2,66.9,80.6,65.9,101.6,67.5,98.9,66.1,105.0,66.7,102.0,65.8,88.3,61.5,74.6,63.0,96.0,61.4,107.6,61.4,83.8,86.9,101.3,86.7,85.7,78.8,87.3,73.9,99.6,78.0,97.1,73.4,88.9,66.8,95.1,66.8,93.1,77.4,80.9,66.6,101.0,66.8,92.8,90.2,92.8,87.3,93.3,86.5,93.3,84.5,C_2017-01-22-20-31-51-957.jpg
55.0,68.0,43.0,43.0,80.0,67.9,83.1,67.1,77.0,67.1,80.1,65.7,98.9,67.1,95.8,66.4,101.7,66.0,98.5,65.0,82.8,58.5,73.1,60.8,93.1,58.2,106.4,57.8,83.0,87.9,97.7,87.1,83.6,79.3,85.7,74.7,95.9,78.6,93.2,74.3,86.9,67.5,92.0,67.5,88.7,77.4,80.2,66.7,98.1,66.0,90.4,89.4,89.9,87.0,89.7,86.9,89.5,84.9,C_2017-01-18-13-47-15-960.jpg
39.0,67.0,43.0,43.0,78.8,51.4,81.2,51.0,76.0,50.8,78.8,49.9,98.1,52.4,95.3,51.5,101.4,52.1,98.3,50.8,84.1,44.3,73.8,45.1,93.3,45.1,104.5,46.9,79.3,70.5,95.5,71.6,81.3,61.7,82.8,57.9,93.9,62.3,92.7,58.0,85.5,51.5,90.3,51.4,87.2,60.8,78.9,50.7,98.3,51.7,86.5,74.1,87.0,71.9,87.0,69.9,87.3,67.8,C_2017-01-21-15-14-28-993.jpg
51.0,72.0,45.0,45.0,84.9,64.8,87.7,64.1,81.9,63.7,84.8,62.7,104.3,65.0,101.2,63.8,107.5,63.7,103.9,62.4,90.5,58.8,78.8,59.3,98.3,58.6,110.0,57.6,87.1,85.9,103.1,86.2,88.2,75.6,91.0,70.9,101.4,75.8,98.9,70.7,91.8,64.6,97.8,64.5,94.7,72.9,85.1,63.6,103.6,63.3,95.1,90.9,95.2,87.8,95.1,82.6,94.9,81.2,C_2017-01-22-20-31-41-942.jpg
56.0,68.0,42.0,42.0,79.1,68.6,82.0,67.2,75.7,67.4,79.1,66.6,98.6,67.5,95.3,66.7,101.4,66.2,98.6,65.7,81.3,59.2,70.9,60.8,91.4,58.5,106.4,58.6,82.7,88.1,96.2,87.2,82.9,78.8,85.2,74.3,95.0,78.6,92.2,74.3,85.7,67.4,91.0,67.1,88.1,77.4,79.6,67.4,98.4,66.5,89.0,90.0,88.9,87.4,88.6,87.2,88.4,85.2,C_2017-01-18-13-47-20-966.jpg
58.0,77.0,46.0,46.0,89.8,70.5,92.7,69.4,86.7,69.5,89.5,68.7,109.4,69.4,106.2,68.8,112.8,68.2,108.9,67.4,93.6,62.8,82.7,63.4,103.8,62.3,115.9,62.9,94.1,92.5,107.7,93.1,92.5,83.0,94.8,77.4,106.1,82.7,104.0,77.5,96.1,69.7,102.2,69.5,98.7,81.5,90.6,69.4,109.4,68.5,99.9,94.9,99.9,92.5,100.0,93.0,99.9,90.7,C_2017-01-24-18-33-12-999.jpg
86.0,72.0,37.0,37.0,81.8,97.7,83.9,96.7,79.4,97.2,81.8,95.8,98.5,95.6,96.5,95.2,100.4,94.8,98.4,94.4,84.2,89.8,76.3,93.9,92.6,90.1,103.7,91.3,86.1,114.4,97.3,113.6,85.3,105.2,86.9,101.3,95.7,104.7,93.4,101.1,87.6,96.4,91.9,96.0,89.6,103.5,81.6,96.8,98.2,95.0,90.7,115.2,90.7,113.2,90.8,112.5,90.7,110.7,C_2017-01-18-13-19-48-79.jpg
39.0,64.0,40.0,40.0,76.2,50.2,78.8,49.4,74.0,49.8,76.1,49.2,93.7,49.6,91.1,49.1,96.2,49.3,93.7,48.3,80.2,42.8,71.4,44.0,88.1,42.1,100.2,44.1,78.7,70.0,90.0,70.1,79.0,58.0,80.7,53.6,89.3,58.7,87.5,54.3,82.1,48.8,86.8,48.7,82.7,56.1,76.5,49.8,94.2,49.3,83.3,74.7,83.6,71.8,83.6,66.2,83.7,63.9,C_2017-01-21-15-15-24-416.jpg
37.0,82.0,36.0,36.0,92.3,48.1,95.1,46.7,88.9,46.7,92.3,45.6,108.9,48.3,106.2,47.1,111.4,47.0,109.4,45.8,97.7,40.4,86.4,40.2,106.3,40.6,113.0,40.1,92.4,64.3,105.5,64.2,95.1,56.7,97.7,52.7,106.6,57.3,104.5,52.3,99.3,46.5,104.0,46.8,103.4,56.4,91.9,47.2,108.3,47.1,101.2,67.6,101.4,65.1,101.1,64.0,101.3,62.2,C_2017-01-24-17-39-04-987.jpg
71.0,94.0,46.0,46.0,106.5,84.6,109.7,82.9,103.0,82.8,106.4,81.2,128.5,84.9,124.4,83.7,131.9,82.7,127.9,81.4,111.2,77.8,100.5,77.3,122.0,77.8,136.4,77.7,109.1,105.1,124.8,104.9,110.5,94.9,112.6,90.6,124.0,96.0,121.2,90.5,114.4,84.7,120.0,84.8,117.2,94.0,106.2,82.9,127.2,83.0,116.7,108.7,116.6,106.3,117.1,104.0,117.3,102.2,C_2017-01-24-14-34-49-893.jpg
58.0,77.0,45.0,45.0,90.3,70.7,93.3,70.2,87.1,69.7,90.5,68.7,109.4,70.7,106.3,69.8,112.4,69.5,108.6,67.8,93.5,62.8,82.4,62.0,103.7,62.6,116.8,63.1,93.7,93.4,105.9,93.4,93.5,83.0,95.6,78.1,106.9,82.6,104.8,78.3,96.4,70.8,103.1,70.3,100.2,81.2,90.9,69.5,109.1,69.2,100.6,94.4,100.1,91.2,99.7,93.3,99.6,90.2,C_2017-01-24-18-33-23-148.jpg
36.0,82.0,37.0,37.0,92.2,47.8,95.0,46.7,88.9,46.6,92.2,45.6,109.3,48.2,107.0,47.0,111.6,47.4,109.4,46.5,96.6,41.6,86.2,43.1,106.8,41.9,114.4,43.7,93.5,64.0,107.0,63.8,95.7,55.8,98.4,51.7,107.0,55.8,104.6,51.8,99.0,46.8,103.3,47.0,102.5,54.1,91.9,46.5,109.2,47.2,100.8,66.5,101.0,63.7,101.7,63.0,101.8,61.1,C_2017-01-24-17-39-45-212.jpg
57.0,77.0,46.0,46.0,90.0,70.3,92.5,69.0,86.9,69.0,89.8,68.2,109.5,69.3,106.4,68.6,112.3,68.0,109.0,66.9,93.4,62.7,82.2,62.5,102.6,62.0,114.9,61.5,93.7,93.1,106.7,92.9,92.7,83.0,94.7,78.1,105.5,83.2,103.6,77.6,96.1,69.5,101.5,69.3,98.7,80.9,91.0,69.2,109.3,68.1,100.2,95.0,99.7,93.1,99.7,92.4,99.7,90.7,C_2017-01-24-18-33-18-71.jpg
54.0,81.0,39.0,39.0,91.3,65.5,93.6,64.6,88.8,65.1,91.2,64.0,107.0,64.0,105.0,63.9,109.2,63.4,106.8,62.9,97.5,60.6,84.9,61.2,103.7,60.4,111.2,58.5,93.6,84.4,106.6,82.9,95.0,74.6,97.1,70.3,106.0,74.0,103.7,69.7,97.8,64.5,101.6,64.4,102.2,72.3,91.3,64.8,107.5,63.3,100.6,86.7,100.6,84.2,100.9,82.8,101.3,80.6,C_2017-01-24-18-13-08-955.jpg
68.0,100.0,45.0,45.0,111.2,81.5,114.5,80.9,108.4,80.9,111.4,80.7,132.0,81.6,129.1,80.8,135.3,81.3,132.4,80.7,117.8,73.9,103.8,75.1,126.9,73.2,139.1,75.1,114.1,102.3,131.0,102.3,114.9,92.4,117.5,87.8,128.8,93.0,125.5,87.6,119.6,81.2,125.2,81.7,122.7,90.6,112.2,81.0,132.8,81.3,122.0,104.8,122.0,102.0,122.7,101.7,122.7,99.1,C_2017-01-24-14-35-24-995.jpg
56.0,48.0,59.0,59.0,64.5,73.1,68.0,71.7,61.0,72.0,64.2,71.0,90.2,72.3,86.4,71.1,94.4,70.9,90.3,69.6,69.9,63.3,56.2,64.4,82.7,61.9,99.3,61.6,68.8,100.3,87.6,100.6,69.2,87.5,71.7,81.7,86.3,87.1,83.0,81.2,71.8,72.4,80.4,71.9,77.3,85.3,64.4,72.0,90.8,71.1,77.5,107.0,76.9,103.7,76.9,99.2,77.0,96.4,C_2017-01-24-20-34-58-437.jpg
53.0,69.0,48.0,48.0,81.5,67.2,84.7,66.3,78.5,66.3,81.5,65.7,103.1,66.7,100.0,65.7,106.7,65.8,103.4,64.8,87.8,61.4,75.2,62.0,96.2,61.0,111.1,61.3,84.5,89.3,101.5,89.0,86.0,78.7,88.3,74.7,99.7,78.8,97.4,74.1,89.3,66.7,95.2,66.6,93.0,77.6,81.7,66.5,102.9,65.7,93.1,91.4,93.0,88.8,93.1,87.8,92.8,86.0,C_2017-01-22-20-32-06-996.jpg
39.0,43.0,51.0,51.0,57.9,53.6,60.8,52.7,54.7,53.0,58.0,51.7,80.4,54.0,77.0,52.9,83.5,53.1,80.6,52.0,63.4,47.1,49.5,47.3,72.9,47.4,88.4,49.5,59.2,77.3,79.4,76.9,60.4,65.5,63.3,60.0,77.3,66.1,73.8,60.4,65.2,53.8,71.0,54.0,68.4,65.1,57.8,52.7,79.3,52.9,69.3,80.7,69.1,77.6,68.8,76.5,68.8,73.8,C_2017-01-23-16-13-17-443.jpg
82.0,75.0,43.0,43.0,87.2,94.9,89.9,94.0,83.9,94.9,87.0,93.9,106.7,95.1,103.9,94.7,109.4,95.0,106.6,94.3,91.5,89.3,80.1,89.4,101.0,90.1,115.0,90.7,88.4,114.1,105.3,114.4,90.0,104.1,92.7,99.7,103.9,104.1,100.3,99.5,93.7,94.9,98.4,95.0,96.5,102.8,86.7,94.3,106.4,94.6,96.8,117.3,96.9,114.6,96.8,113.2,96.9,111.2,C_2017-01-24-14-54-25-767.jpg
54.0,70.0,46.0,46.0,81.9,67.9,85.0,66.7,78.0,67.2,81.4,65.9,102.8,67.3,99.9,66.2,105.4,66.3,103.0,65.3,88.5,62.0,75.2,62.7,95.9,61.6,108.8,61.3,84.4,88.3,101.1,88.0,86.4,79.4,88.5,74.5,100.6,79.1,97.2,73.8,89.8,67.3,95.5,67.1,93.6,78.2,82.1,66.6,102.4,66.3,92.6,91.2,92.5,88.0,93.0,88.0,93.2,85.9,C_2017-01-22-20-32-01-974.jpg
84.0,77.0,44.0,44.0,89.4,96.4,92.0,95.5,86.0,96.0,89.1,95.3,108.9,96.5,105.4,95.8,111.8,95.6,108.8,95.5,95.4,90.8,82.5,91.4,103.0,91.2,117.1,91.3,91.7,116.9,107.5,116.4,92.7,106.3,94.9,102.4,105.4,106.0,102.9,101.8,95.7,95.8,101.2,95.6,98.8,105.0,88.4,95.8,108.7,96.1,99.8,118.1,99.7,116.3,99.5,115.4,99.7,113.6,C_2017-01-24-14-54-45-800.jpg
57.0,48.0,59.0,59.0,63.5,74.4,67.6,72.1,59.3,73.4,63.2,71.4,90.1,72.5,86.5,71.5,94.0,71.4,90.5,69.5,69.9,65.3,55.7,64.8,83.6,64.3,98.6,61.8,69.3,101.6,86.7,101.0,69.5,88.8,71.1,82.5,85.4,87.7,82.8,81.6,72.7,72.3,81.0,72.3,77.6,87.1,63.6,72.9,90.3,71.3,78.2,104.6,78.1,101.7,77.6,99.2,77.6,96.6,C_2017-01-24-20-35-03-447.jpg
86.0,74.0,36.0,36.0,82.7,97.7,84.9,96.9,80.1,97.6,82.2,96.6,99.7,95.4,97.0,95.4,101.8,94.8,99.4,94.9,87.2,91.8,76.9,93.2,94.5,91.0,104.3,90.5,85.9,114.5,99.2,112.4,86.3,105.9,88.3,102.1,98.6,103.8,95.3,100.9,88.8,96.8,92.5,96.2,92.5,103.6,82.6,97.4,99.5,95.5,93.5,115.5,93.3,113.6,92.9,111.7,92.9,110.0,C_2017-01-18-13-20-08-177.jpg
56.0,79.0,47.0,47.0,91.8,70.0,95.0,68.9,88.6,68.8,91.8,67.2,112.3,69.2,109.4,68.3,114.9,67.5,112.3,66.4,96.8,62.0,83.3,62.3,107.0,61.5,119.3,61.7,95.3,92.3,109.5,92.3,95.5,81.9,98.4,76.3,109.0,81.5,106.3,76.0,99.6,69.6,104.5,69.4,102.3,80.4,92.7,68.5,112.4,67.5,102.0,95.5,102.2,93.0,102.6,91.2,103.0,89.2,C_2017-01-24-18-33-28-219.jpg
59.0,44.0,58.0,58.0,56.4,77.4,60.2,75.7,51.3,76.4,56.0,75.0,85.4,75.6,81.1,74.6,88.7,74.2,85.1,73.4,65.3,70.9,46.3,71.7,77.5,69.5,94.7,68.1,63.8,103.1,85.5,101.3,64.4,91.5,67.2,85.3,83.0,89.2,78.2,83.9,67.7,77.4,74.7,76.9,75.1,89.1,56.4,76.3,84.5,74.8,75.6,105.6,75.4,102.5,75.2,100.3,75.0,98.6,C_2017-01-23-16-14-27-760.jpg
57.0,76.0,48.0,48.0,89.4,70.6,92.5,69.7,86.3,69.3,89.5,68.7,110.3,69.7,107.7,68.9,112.6,68.7,110.1,67.7,94.4,62.7,80.6,61.9,104.5,62.3,115.8,61.7,93.0,94.2,108.7,93.4,93.1,83.2,95.5,78.4,106.9,82.9,104.9,78.0,96.7,70.7,102.4,70.2,100.6,81.6,89.9,69.6,109.3,68.5,100.7,95.7,100.6,93.0,100.2,92.5,100.5,90.6,C_2017-01-24-18-31-56-972.jpg
38.0,83.0,36.0,36.0,92.9,47.6,95.5,47.1,89.7,47.2,92.7,46.8,109.0,47.7,106.4,47.4,111.5,47.4,109.1,46.8,96.7,42.5,87.0,44.2,105.2,42.8,113.7,44.7,94.7,64.9,106.8,64.7,95.7,56.1,98.2,52.0,107.1,55.9,104.4,52.1,98.8,46.8,103.2,47.0,101.5,54.0,92.6,47.0,108.1,47.6,101.7,66.4,101.4,63.8,101.8,62.8,101.7,60.6,C_2017-01-24-17-39-40-202.jpg
69.0,52.0,59.0,59.0,67.8,86.6,71.7,85.7,64.3,85.5,67.6,84.5,93.9,86.1,90.0,85.1,97.1,84.1,93.2,83.1,73.2,80.5,58.2,79.6,88.0,79.9,102.7,77.2,69.8,113.7,95.2,111.2,73.0,101.4,75.6,95.1,90.9,100.4,85.8,94.5,77.3,86.5,83.9,86.5,81.4,99.7,67.2,85.9,92.3,84.9,83.0,116.8,82.9,114.4,82.8,111.4,82.7,110.1,C_2017-01-23-16-13-07-425.jpg
55.0,67.0,46.0,46.0,79.3,69.4,82.5,68.6,75.9,68.2,79.6,67.5,99.7,68.0,96.3,67.7,102.8,66.6,99.6,65.9,85.7,63.7,72.5,64.4,94.8,62.5,106.5,60.9,81.8,90.1,99.3,89.7,83.5,80.6,85.7,75.9,97.9,80.1,95.5,75.5,86.6,68.9,93.1,68.7,91.3,79.5,80.1,68.2,99.1,67.0,91.2,93.6,91.1,90.5,91.6,89.4,91.7,86.8,C_2017-01-22-20-32-17-14.jpg
71.0,95.0,44.0,44.0,108.0,84.1,111.0,83.1,105.1,82.8,108.3,82.0,128.0,84.6,124.9,83.4,131.3,83.3,128.1,82.5,113.1,76.9,101.6,76.8,121.7,77.4,136.0,78.2,109.7,103.6,125.5,104.1,110.7,95.1,113.4,90.3,123.9,95.7,121.3,90.6,114.9,83.6,119.9,84.0,116.3,94.0,107.7,82.8,128.0,83.4,116.2,107.3,116.3,104.7,116.6,103.8,116.8,101.7,C_2017-01-24-14-34-29-733.jpg
62.0,48.0,57.0,57.0,64.2,79.4,67.1,77.8,60.6,79.0,63.6,78.3,88.1,77.6,84.4,77.1,92.1,76.3,87.8,76.7,70.0,73.0,55.0,72.3,80.9,72.6,99.3,69.8,67.4,105.5,90.6,102.5,67.4,93.0,70.5,86.7,85.4,91.0,80.8,86.0,72.3,78.7,77.9,78.5,74.0,92.4,63.3,78.8,88.5,76.8,77.7,107.5,77.1,105.2,76.7,102.5,76.6,101.0,C_2017-01-23-16-13-52-656.jpg
85.0,75.0,38.0,38.0,84.1,97.7,86.8,96.4,81.3,97.0,84.3,95.9,102.0,95.9,100.1,95.2,104.3,95.0,102.1,94.6,89.2,91.0,78.1,92.8,96.7,90.6,107.1,90.5,88.2,114.1,101.0,113.1,88.8,105.6,90.3,101.2,99.9,104.6,97.5,100.6,90.8,95.8,95.2,95.1,93.7,103.8,84.3,96.6,102.4,94.9,94.7,115.7,94.6,113.8,94.9,112.5,94.9,111.1,C_2017-01-18-13-19-38-67.jpg
57.0,52.0,61.0,61.0,69.8,75.1,74.0,74.2,65.6,73.3,69.9,71.8,96.5,75.9,92.8,74.7,100.3,74.6,96.6,72.7,76.8,65.6,61.4,64.1,90.6,65.2,107.0,65.3,71.8,102.8,92.4,104.7,74.0,90.0,76.6,84.3,90.6,91.2,88.2,84.8,79.4,74.4,86.5,74.6,83.0,89.5,69.2,73.1,95.9,73.8,81.0,107.6,81.4,104.2,81.6,102.8,81.8,100.0,C_2017-01-24-20-34-18-86.jpg
54.0,66.0,46.0,46.0,79.0,68.5,82.2,66.9,75.1,67.5,78.6,65.7,99.3,67.3,96.2,66.7,102.1,66.1,99.1,65.5,85.4,61.9,73.3,62.5,92.5,61.4,104.9,61.4,80.4,89.1,98.4,89.3,83.2,80.2,84.5,74.8,97.2,79.0,94.6,74.0,86.2,67.3,92.4,67.4,90.2,78.1,79.3,67.1,98.6,66.5,89.5,92.7,89.6,89.5,90.3,88.5,90.4,86.4,C_2017-01-22-20-33-12-230.jpg
70.0,99.0,43.0,43.0,111.8,82.2,114.4,81.4,109.2,81.3,111.6,79.7,131.3,82.7,128.4,81.8,134.0,82.1,131.1,79.7,117.7,74.8,104.9,75.8,125.8,74.1,137.3,77.9,113.1,102.2,127.5,102.6,114.0,92.8,116.6,88.6,127.9,93.6,125.1,88.8,118.5,82.0,124.0,82.5,121.2,91.4,111.8,81.3,131.0,81.4,120.7,106.0,120.7,102.6,121.0,101.8,121.1,98.8,C_2017-01-24-14-35-50-67.jpg
